[INFO] Scanning for projects...
[INFO] 
[INFO] -----------------< com.stockbadshah:discovery-server >------------------
[INFO] Building  0.0.1-SNAPSHOT
[INFO]   from pom.xml
[INFO] --------------------------------[ jar ]---------------------------------
[INFO] 
[INFO] >>> spring-boot:4.0.6:run (default-cli) > test-compile @ discovery-server >>>
[INFO] 
[INFO] --- resources:3.3.1:resources (default-resources) @ discovery-server ---
[INFO] Copying 1 resource from src\main\resources to target\classes
[INFO] Copying 0 resource from src\main\resources to target\classes
[INFO] 
[INFO] --- compiler:3.14.1:compile (default-compile) @ discovery-server ---
[INFO] Nothing to compile - all classes are up to date.
[INFO] 
[INFO] --- resources:3.3.1:testResources (default-testResources) @ discovery-server ---
[INFO] skip non existing resourceDirectory D:\StockMarketBadsaha\backend\discovery-server\src\test\resources
[INFO] 
[INFO] --- compiler:3.14.1:testCompile (default-testCompile) @ discovery-server ---
[INFO] Nothing to compile - all classes are up to date.
[INFO] 
[INFO] <<< spring-boot:4.0.6:run (default-cli) < test-compile @ discovery-server <<<
[INFO] 
[INFO] 
[INFO] --- spring-boot:4.0.6:run (default-cli) @ discovery-server ---
[INFO] Attaching agents: []

  .   ____          _            __ _ _
 /\\ / ___'_ __ _ _(_)_ __  __ _ \ \ \ \
( ( )\___ | '_ | '_| | '_ \/ _` | \ \ \ \
 \\/  ___)| |_)| | | | | || (_| |  ) ) ) )
  '  |____| .__|_| |_|_| |_\__, | / / / /
 =========|_|==============|___/=/_/_/_/

 :: Spring Boot ::                (v4.0.6)

2026-06-22T13:59:18.237+05:30  INFO 19464 --- [discovery-server] [           main] c.s.d.DiscoveryServerApplication         : Starting DiscoveryServerApplication using Java 25 with PID 19464 (D:\StockMarketBadsaha\backend\discovery-server\target\classes started by irfan in D:\StockMarketBadsaha\backend\discovery-server)
2026-06-22T13:59:18.241+05:30  INFO 19464 --- [discovery-server] [           main] c.s.d.DiscoveryServerApplication         : No active profile set, falling back to 1 default profile: "default"
2026-06-22T13:59:20.783+05:30  INFO 19464 --- [discovery-server] [           main] o.s.cloud.context.scope.GenericScope     : BeanFactory id=ae2e6a2d-2af4-30b1-af7d-30f23da950c1
2026-06-22T13:59:21.416+05:30  INFO 19464 --- [discovery-server] [           main] o.s.boot.tomcat.TomcatWebServer          : Tomcat initialized with port 8761 (http)
2026-06-22T13:59:21.475+05:30  INFO 19464 --- [discovery-server] [           main] o.apache.catalina.core.StandardService   : Starting service [Tomcat]
2026-06-22T13:59:21.476+05:30  INFO 19464 --- [discovery-server] [           main] o.apache.catalina.core.StandardEngine    : Starting Servlet engine: [Apache Tomcat/11.0.21]
2026-06-22T13:59:21.869+05:30  INFO 19464 --- [discovery-server] [           main] b.w.c.s.WebApplicationContextInitializer : Root WebApplicationContext: initialization completed in 3509 ms
2026-06-22T13:59:27.592+05:30  INFO 19464 --- [discovery-server] [           main] c.n.d.provider.DiscoveryJerseyProvider   : Using JSON encoding codec LegacyJacksonJson
2026-06-22T13:59:27.597+05:30  INFO 19464 --- [discovery-server] [           main] c.n.d.provider.DiscoveryJerseyProvider   : Using JSON decoding codec LegacyJacksonJson
WARNING: A terminally deprecated method in sun.misc.Unsafe has been called
WARNING: sun.misc.Unsafe::objectFieldOffset has been called by com.thoughtworks.xstream.converters.reflection.SunUnsafeReflectionProvider (file:/D:/UserCaches/.m2/repository/com/thoughtworks/xstream/xstream/1.4.21/xstream-1.4.21.jar)
WARNING: Please consider reporting this to the maintainers of class com.thoughtworks.xstream.converters.reflection.SunUnsafeReflectionProvider
WARNING: sun.misc.Unsafe::objectFieldOffset will be removed in a future release
2026-06-22T13:59:28.023+05:30  INFO 19464 --- [discovery-server] [           main] c.n.d.provider.DiscoveryJerseyProvider   : Using XML encoding codec XStreamXml
2026-06-22T13:59:28.030+05:30  INFO 19464 --- [discovery-server] [           main] c.n.d.provider.DiscoveryJerseyProvider   : Using XML decoding codec XStreamXml
2026-06-22T13:59:28.921+05:30  INFO 19464 --- [discovery-server] [           main] o.s.v.b.OptionalValidatorFactoryBean     : Failed to set up a Bean Validation provider: jakarta.validation.NoProviderFoundException: Unable to create a Configuration, because no Jakarta Validation provider could be found. Add a provider like Hibernate Validator (RI) to your classpath.
2026-06-22T13:59:33.618+05:30  WARN 19464 --- [discovery-server] [           main] iguration$LoadBalancerCaffeineWarnLogger : Spring Cloud LoadBalancer is currently working with the default cache. While this cache implementation is useful for development and tests, it's recommended to use Caffeine cache in production.You can switch to using Caffeine cache, by adding it and org.springframework.cache.caffeine.CaffeineCacheManager to the classpath.
2026-06-22T13:59:33.719+05:30  INFO 19464 --- [discovery-server] [           main] o.s.c.n.eureka.InstanceInfoFactory       : Setting initial instance status as: STARTING
2026-06-22T13:59:33.854+05:30  INFO 19464 --- [discovery-server] [           main] com.netflix.discovery.DiscoveryClient    : Initializing Eureka in region us-east-1
2026-06-22T13:59:33.856+05:30  INFO 19464 --- [discovery-server] [           main] com.netflix.discovery.DiscoveryClient    : Client configured to neither register nor query for data.
2026-06-22T13:59:33.869+05:30  INFO 19464 --- [discovery-server] [           main] com.netflix.discovery.DiscoveryClient    : Discovery Client initialized at timestamp 1782116973860 with initial instances count: 0
2026-06-22T13:59:34.280+05:30  INFO 19464 --- [discovery-server] [           main] c.n.eureka.DefaultEurekaServerContext    : Initializing ...
2026-06-22T13:59:34.285+05:30  INFO 19464 --- [discovery-server] [           main] c.n.eureka.cluster.PeerEurekaNodes       : Adding new peer nodes [http://localhost:8761/eureka/]
2026-06-22T13:59:34.605+05:30  INFO 19464 --- [discovery-server] [           main] c.n.d.provider.DiscoveryJerseyProvider   : Using JSON encoding codec LegacyJacksonJson
2026-06-22T13:59:34.614+05:30  INFO 19464 --- [discovery-server] [           main] c.n.d.provider.DiscoveryJerseyProvider   : Using JSON decoding codec LegacyJacksonJson
2026-06-22T13:59:34.615+05:30  INFO 19464 --- [discovery-server] [           main] c.n.d.provider.DiscoveryJerseyProvider   : Using XML encoding codec XStreamXml
2026-06-22T13:59:34.616+05:30  INFO 19464 --- [discovery-server] [           main] c.n.d.provider.DiscoveryJerseyProvider   : Using XML decoding codec XStreamXml
2026-06-22T13:59:34.718+05:30  INFO 19464 --- [discovery-server] [           main] c.n.eureka.cluster.PeerEurekaNodes       : Replica node URL:  http://localhost:8761/eureka/
2026-06-22T13:59:34.778+05:30  INFO 19464 --- [discovery-server] [           main] c.n.e.registry.AbstractInstanceRegistry  : Finished initializing remote region registries. All known remote regions: []
2026-06-22T13:59:34.781+05:30  INFO 19464 --- [discovery-server] [           main] c.n.eureka.DefaultEurekaServerContext    : Initialized
2026-06-22T13:59:34.800+05:30  INFO 19464 --- [discovery-server] [           main] o.s.b.a.e.web.EndpointLinksResolver      : Exposing 1 endpoint beneath base path '/actuator'
2026-06-22T13:59:34.946+05:30  INFO 19464 --- [discovery-server] [           main] o.s.c.n.e.s.EurekaServiceRegistry        : Registering application DISCOVERY-SERVER with eureka with status UP
2026-06-22T13:59:35.036+05:30  INFO 19464 --- [discovery-server] [       Thread-9] o.s.c.n.e.server.EurekaServerBootstrap   : isAws returned false
2026-06-22T13:59:35.041+05:30  INFO 19464 --- [discovery-server] [       Thread-9] o.s.c.n.e.server.EurekaServerBootstrap   : Initialized server context
2026-06-22T13:59:35.042+05:30  INFO 19464 --- [discovery-server] [       Thread-9] c.n.e.r.PeerAwareInstanceRegistryImpl    : Got 1 instances from neighboring DS node
2026-06-22T13:59:35.043+05:30  INFO 19464 --- [discovery-server] [       Thread-9] c.n.e.r.PeerAwareInstanceRegistryImpl    : Renew threshold is: 1
2026-06-22T13:59:35.045+05:30  INFO 19464 --- [discovery-server] [       Thread-9] c.n.e.r.PeerAwareInstanceRegistryImpl    : Changing status to UP
2026-06-22T13:59:35.049+05:30  INFO 19464 --- [discovery-server] [       Thread-9] e.s.EurekaServerInitializerConfiguration : Started Eureka Server
2026-06-22T13:59:35.069+05:30  INFO 19464 --- [discovery-server] [           main] o.s.boot.tomcat.TomcatWebServer          : Tomcat started on port 8761 (http) with context path '/'
2026-06-22T13:59:35.072+05:30  INFO 19464 --- [discovery-server] [           main] .s.c.n.e.s.EurekaAutoServiceRegistration : Updating port to 8761
2026-06-22T13:59:35.095+05:30  INFO 19464 --- [discovery-server] [           main] c.s.d.DiscoveryServerApplication         : Started DiscoveryServerApplication in 17.703 seconds (process running for 19.074)
2026-06-22T14:00:35.048+05:30  INFO 19464 --- [discovery-server] [a-EvictionTimer] c.n.e.registry.AbstractInstanceRegistry  : Running the evict task with compensationTime 0ms
2026-06-22T14:01:35.068+05:30  INFO 19464 --- [discovery-server] [a-EvictionTimer] c.n.e.registry.AbstractInstanceRegistry  : Running the evict task with compensationTime 16ms
2026-06-22T14:02:35.075+05:30  INFO 19464 --- [discovery-server] [a-EvictionTimer] c.n.e.registry.AbstractInstanceRegistry  : Running the evict task with compensationTime 0ms
2026-06-22T14:02:41.447+05:30  INFO 19464 --- [discovery-server] [nio-8761-exec-6] o.a.c.c.C.[Tomcat].[localhost].[/]       : Initializing Spring DispatcherServlet 'dispatcherServlet'
2026-06-22T14:02:42.538+05:30  INFO 19464 --- [discovery-server] [nio-8761-exec-6] o.s.web.servlet.DispatcherServlet        : Initializing Servlet 'dispatcherServlet'
2026-06-22T14:02:42.730+05:30  INFO 19464 --- [discovery-server] [nio-8761-exec-6] o.s.web.servlet.DispatcherServlet        : Completed initialization in 183 ms
2026-06-22T14:02:49.432+05:30  INFO 19464 --- [discovery-server] [nio-8761-exec-6] c.n.e.registry.AbstractInstanceRegistry  : Registered instance SCANNER-SERVICE/DESKTOP-TAPHLMF:scanner-service:8083 with status UP (replication=false)
2026-06-22T14:02:49.432+05:30  INFO 19464 --- [discovery-server] [nio-8761-exec-9] c.n.e.registry.AbstractInstanceRegistry  : Registered instance BACKTEST-SERVICE/DESKTOP-TAPHLMF:backtest-service:8086 with status UP (replication=false)
2026-06-22T14:02:49.432+05:30  INFO 19464 --- [discovery-server] [nio-8761-exec-2] c.n.e.registry.AbstractInstanceRegistry  : Registered instance FUNDAMENTAL-SERVICE/DESKTOP-TAPHLMF:fundamental-service:8084 with status UP (replication=false)
2026-06-22T14:02:49.433+05:30  INFO 19464 --- [discovery-server] [nio-8761-exec-4] c.n.e.registry.AbstractInstanceRegistry  : Registered instance NOTIFICATION-SERVICE/DESKTOP-TAPHLMF:notification-service:8088 with status UP (replication=false)
2026-06-22T14:02:49.432+05:30  INFO 19464 --- [discovery-server] [io-8761-exec-10] c.n.e.registry.AbstractInstanceRegistry  : Registered instance API-GATEWAY/DESKTOP-TAPHLMF:api-gateway:8080 with status UP (replication=false)
2026-06-22T14:02:49.433+05:30  INFO 19464 --- [discovery-server] [nio-8761-exec-8] c.n.e.registry.AbstractInstanceRegistry  : Registered instance USER-SERVICE/DESKTOP-TAPHLMF:user-service:8087 with status UP (replication=false)
2026-06-22T14:02:49.433+05:30  INFO 19464 --- [discovery-server] [nio-8761-exec-1] c.n.e.registry.AbstractInstanceRegistry  : Registered instance STRATEGY-SERVICE/DESKTOP-TAPHLMF:strategy-service:8085 with status UP (replication=false)
2026-06-22T14:02:52.171+05:30  INFO 19464 --- [discovery-server] [nio-8761-exec-5] c.n.e.registry.AbstractInstanceRegistry  : Registered instance SCANNER-SERVICE/DESKTOP-TAPHLMF:scanner-service:8083 with status UP (replication=true)
2026-06-22T14:02:52.187+05:30  INFO 19464 --- [discovery-server] [nio-8761-exec-5] c.n.e.registry.AbstractInstanceRegistry  : Registered instance FUNDAMENTAL-SERVICE/DESKTOP-TAPHLMF:fundamental-service:8084 with status UP (replication=true)
2026-06-22T14:02:52.189+05:30  INFO 19464 --- [discovery-server] [nio-8761-exec-5] c.n.e.registry.AbstractInstanceRegistry  : Registered instance NOTIFICATION-SERVICE/DESKTOP-TAPHLMF:notification-service:8088 with status UP (replication=true)
2026-06-22T14:02:52.190+05:30  INFO 19464 --- [discovery-server] [nio-8761-exec-5] c.n.e.registry.AbstractInstanceRegistry  : Registered instance API-GATEWAY/DESKTOP-TAPHLMF:api-gateway:8080 with status UP (replication=true)
2026-06-22T14:02:52.192+05:30  INFO 19464 --- [discovery-server] [nio-8761-exec-5] c.n.e.registry.AbstractInstanceRegistry  : Registered instance USER-SERVICE/DESKTOP-TAPHLMF:user-service:8087 with status UP (replication=true)
2026-06-22T14:02:52.192+05:30  INFO 19464 --- [discovery-server] [nio-8761-exec-5] c.n.e.registry.AbstractInstanceRegistry  : Registered instance BACKTEST-SERVICE/DESKTOP-TAPHLMF:backtest-service:8086 with status UP (replication=true)
2026-06-22T14:02:52.193+05:30  INFO 19464 --- [discovery-server] [nio-8761-exec-5] c.n.e.registry.AbstractInstanceRegistry  : Registered instance STRATEGY-SERVICE/DESKTOP-TAPHLMF:strategy-service:8085 with status UP (replication=true)
2026-06-22T14:03:35.066+05:30  INFO 19464 --- [discovery-server] [a-EvictionTimer] c.n.e.registry.AbstractInstanceRegistry  : Running the evict task with compensationTime 0ms
2026-06-22T14:04:35.072+05:30  INFO 19464 --- [discovery-server] [a-EvictionTimer] c.n.e.registry.AbstractInstanceRegistry  : Running the evict task with compensationTime 1ms
2026-06-22T14:05:32.362+05:30  INFO 19464 --- [discovery-server] [nio-8761-exec-8] c.n.e.registry.AbstractInstanceRegistry  : Registered instance INDICATOR-SERVICE/DESKTOP-TAPHLMF:indicator-service:8082 with status UP (replication=false)
2026-06-22T14:05:32.894+05:30  INFO 19464 --- [discovery-server] [nio-8761-exec-2] c.n.e.registry.AbstractInstanceRegistry  : Registered instance INDICATOR-SERVICE/DESKTOP-TAPHLMF:indicator-service:8082 with status UP (replication=true)
2026-06-22T14:05:35.072+05:30  INFO 19464 --- [discovery-server] [a-EvictionTimer] c.n.e.registry.AbstractInstanceRegistry  : Running the evict task with compensationTime 3ms
2026-06-22T14:06:35.071+05:30  INFO 19464 --- [discovery-server] [a-EvictionTimer] c.n.e.registry.AbstractInstanceRegistry  : Running the evict task with compensationTime 0ms
2026-06-22T14:07:35.072+05:30  INFO 19464 --- [discovery-server] [a-EvictionTimer] c.n.e.registry.AbstractInstanceRegistry  : Running the evict task with compensationTime 0ms
2026-06-22T14:08:35.072+05:30  INFO 19464 --- [discovery-server] [a-EvictionTimer] c.n.e.registry.AbstractInstanceRegistry  : Running the evict task with compensationTime 0ms
2026-06-22T14:09:35.555+05:30  INFO 19464 --- [discovery-server] [a-EvictionTimer] c.n.e.registry.AbstractInstanceRegistry  : Running the evict task with compensationTime 0ms
2026-06-22T14:10:35.074+05:30  INFO 19464 --- [discovery-server] [a-EvictionTimer] c.n.e.registry.AbstractInstanceRegistry  : Running the evict task with compensationTime 1ms
2026-06-22T14:11:35.074+05:30  INFO 19464 --- [discovery-server] [a-EvictionTimer] c.n.e.registry.AbstractInstanceRegistry  : Running the evict task with compensationTime 0ms
2026-06-22T14:11:37.309+05:30  INFO 19464 --- [discovery-server] [nio-8761-exec-6] c.n.e.registry.AbstractInstanceRegistry  : Registered instance STOCK-DATA-SERVICE/DESKTOP-TAPHLMF:stock-data-service:8081 with status UP (replication=false)
2026-06-22T14:11:37.836+05:30  INFO 19464 --- [discovery-server] [nio-8761-exec-2] c.n.e.registry.AbstractInstanceRegistry  : Registered instance STOCK-DATA-SERVICE/DESKTOP-TAPHLMF:stock-data-service:8081 with status UP (replication=true)
2026-06-22T14:12:35.075+05:30  INFO 19464 --- [discovery-server] [a-EvictionTimer] c.n.e.registry.AbstractInstanceRegistry  : Running the evict task with compensationTime 0ms
2026-06-22T14:13:35.535+05:30  INFO 19464 --- [discovery-server] [a-EvictionTimer] c.n.e.registry.AbstractInstanceRegistry  : Running the evict task with compensationTime 67ms
2026-06-22T14:14:34.790+05:30  INFO 19464 --- [discovery-server] [hresholdUpdater] c.n.e.r.PeerAwareInstanceRegistryImpl    : Current renewal threshold is : 17
2026-06-22T14:14:35.142+05:30  INFO 19464 --- [discovery-server] [a-EvictionTimer] c.n.e.registry.AbstractInstanceRegistry  : Running the evict task with compensationTime 0ms
2026-06-22T14:15:35.146+05:30  INFO 19464 --- [discovery-server] [a-EvictionTimer] c.n.e.registry.AbstractInstanceRegistry  : Running the evict task with compensationTime 0ms
2026-06-22T14:16:35.143+05:30  INFO 19464 --- [discovery-server] [a-EvictionTimer] c.n.e.registry.AbstractInstanceRegistry  : Running the evict task with compensationTime 0ms
2026-06-22T14:17:35.146+05:30  INFO 19464 --- [discovery-server] [a-EvictionTimer] c.n.e.registry.AbstractInstanceRegistry  : Running the evict task with compensationTime 0ms
2026-06-22T14:18:35.143+05:30  INFO 19464 --- [discovery-server] [a-EvictionTimer] c.n.e.registry.AbstractInstanceRegistry  : Running the evict task with compensationTime 0ms
2026-06-22T14:19:35.144+05:30  INFO 19464 --- [discovery-server] [a-EvictionTimer] c.n.e.registry.AbstractInstanceRegistry  : Running the evict task with compensationTime 0ms
2026-06-22T14:20:35.144+05:30  INFO 19464 --- [discovery-server] [a-EvictionTimer] c.n.e.registry.AbstractInstanceRegistry  : Running the evict task with compensationTime 0ms
2026-06-22T14:21:35.145+05:30  INFO 19464 --- [discovery-server] [a-EvictionTimer] c.n.e.registry.AbstractInstanceRegistry  : Running the evict task with compensationTime 0ms
2026-06-22T14:22:35.145+05:30  INFO 19464 --- [discovery-server] [a-EvictionTimer] c.n.e.registry.AbstractInstanceRegistry  : Running the evict task with compensationTime 0ms
2026-06-22T14:23:35.146+05:30  INFO 19464 --- [discovery-server] [a-EvictionTimer] c.n.e.registry.AbstractInstanceRegistry  : Running the evict task with compensationTime 0ms
2026-06-22T14:24:35.146+05:30  INFO 19464 --- [discovery-server] [a-EvictionTimer] c.n.e.registry.AbstractInstanceRegistry  : Running the evict task with compensationTime 0ms
2026-06-22T14:25:35.147+05:30  INFO 19464 --- [discovery-server] [a-EvictionTimer] c.n.e.registry.AbstractInstanceRegistry  : Running the evict task with compensationTime 0ms
2026-06-22T14:26:35.147+05:30  INFO 19464 --- [discovery-server] [a-EvictionTimer] c.n.e.registry.AbstractInstanceRegistry  : Running the evict task with compensationTime 0ms
2026-06-22T14:27:35.148+05:30  INFO 19464 --- [discovery-server] [a-EvictionTimer] c.n.e.registry.AbstractInstanceRegistry  : Running the evict task with compensationTime 0ms
2026-06-22T14:28:35.149+05:30  INFO 19464 --- [discovery-server] [a-EvictionTimer] c.n.e.registry.AbstractInstanceRegistry  : Running the evict task with compensationTime 0ms
2026-06-22T14:29:34.783+05:30  INFO 19464 --- [discovery-server] [hresholdUpdater] c.n.e.r.PeerAwareInstanceRegistryImpl    : Current renewal threshold is : 17
2026-06-22T14:29:35.149+05:30  INFO 19464 --- [discovery-server] [a-EvictionTimer] c.n.e.registry.AbstractInstanceRegistry  : Running the evict task with compensationTime 0ms
2026-06-22T14:30:35.149+05:30  INFO 19464 --- [discovery-server] [a-EvictionTimer] c.n.e.registry.AbstractInstanceRegistry  : Running the evict task with compensationTime 0ms
2026-06-22T14:31:35.150+05:30  INFO 19464 --- [discovery-server] [a-EvictionTimer] c.n.e.registry.AbstractInstanceRegistry  : Running the evict task with compensationTime 0ms
2026-06-22T14:32:35.151+05:30  INFO 19464 --- [discovery-server] [a-EvictionTimer] c.n.e.registry.AbstractInstanceRegistry  : Running the evict task with compensationTime 0ms
2026-06-22T14:33:35.152+05:30  INFO 19464 --- [discovery-server] [a-EvictionTimer] c.n.e.registry.AbstractInstanceRegistry  : Running the evict task with compensationTime 1ms
2026-06-22T14:34:35.152+05:30  INFO 19464 --- [discovery-server] [a-EvictionTimer] c.n.e.registry.AbstractInstanceRegistry  : Running the evict task with compensationTime 0ms
2026-06-22T14:35:35.153+05:30  INFO 19464 --- [discovery-server] [a-EvictionTimer] c.n.e.registry.AbstractInstanceRegistry  : Running the evict task with compensationTime 0ms
2026-06-22T14:36:35.153+05:30  INFO 19464 --- [discovery-server] [a-EvictionTimer] c.n.e.registry.AbstractInstanceRegistry  : Running the evict task with compensationTime 0ms
2026-06-22T14:37:35.154+05:30  INFO 19464 --- [discovery-server] [a-EvictionTimer] c.n.e.registry.AbstractInstanceRegistry  : Running the evict task with compensationTime 1ms
2026-06-22T14:38:35.154+05:30  INFO 19464 --- [discovery-server] [a-EvictionTimer] c.n.e.registry.AbstractInstanceRegistry  : Running the evict task with compensationTime 0ms
2026-06-22T14:39:35.155+05:30  INFO 19464 --- [discovery-server] [a-EvictionTimer] c.n.e.registry.AbstractInstanceRegistry  : Running the evict task with compensationTime 0ms
2026-06-22T14:40:35.156+05:30  INFO 19464 --- [discovery-server] [a-EvictionTimer] c.n.e.registry.AbstractInstanceRegistry  : Running the evict task with compensationTime 0ms
2026-06-22T14:41:35.156+05:30  INFO 19464 --- [discovery-server] [a-EvictionTimer] c.n.e.registry.AbstractInstanceRegistry  : Running the evict task with compensationTime 0ms
2026-06-22T14:42:35.157+05:30  INFO 19464 --- [discovery-server] [a-EvictionTimer] c.n.e.registry.AbstractInstanceRegistry  : Running the evict task with compensationTime 0ms
2026-06-22T14:43:35.157+05:30  INFO 19464 --- [discovery-server] [a-EvictionTimer] c.n.e.registry.AbstractInstanceRegistry  : Running the evict task with compensationTime 0ms
2026-06-22T14:44:34.803+05:30  INFO 19464 --- [discovery-server] [hresholdUpdater] c.n.e.r.PeerAwareInstanceRegistryImpl    : Current renewal threshold is : 17
2026-06-22T14:44:35.157+05:30  INFO 19464 --- [discovery-server] [a-EvictionTimer] c.n.e.registry.AbstractInstanceRegistry  : Running the evict task with compensationTime 0ms
2026-06-22T14:45:35.157+05:30  INFO 19464 --- [discovery-server] [a-EvictionTimer] c.n.e.registry.AbstractInstanceRegistry  : Running the evict task with compensationTime 0ms
2026-06-22T14:46:35.157+05:30  INFO 19464 --- [discovery-server] [a-EvictionTimer] c.n.e.registry.AbstractInstanceRegistry  : Running the evict task with compensationTime 0ms
2026-06-22T14:47:35.158+05:30  INFO 19464 --- [discovery-server] [a-EvictionTimer] c.n.e.registry.AbstractInstanceRegistry  : Running the evict task with compensationTime 0ms
2026-06-22T14:48:35.159+05:30  INFO 19464 --- [discovery-server] [a-EvictionTimer] c.n.e.registry.AbstractInstanceRegistry  : Running the evict task with compensationTime 1ms
2026-06-22T14:49:35.160+05:30  INFO 19464 --- [discovery-server] [a-EvictionTimer] c.n.e.registry.AbstractInstanceRegistry  : Running the evict task with compensationTime 0ms
2026-06-22T14:50:35.160+05:30  INFO 19464 --- [discovery-server] [a-EvictionTimer] c.n.e.registry.AbstractInstanceRegistry  : Running the evict task with compensationTime 0ms
2026-06-22T14:51:35.161+05:30  INFO 19464 --- [discovery-server] [a-EvictionTimer] c.n.e.registry.AbstractInstanceRegistry  : Running the evict task with compensationTime 0ms
2026-06-22T14:52:35.162+05:30  INFO 19464 --- [discovery-server] [a-EvictionTimer] c.n.e.registry.AbstractInstanceRegistry  : Running the evict task with compensationTime 1ms
2026-06-22T14:53:35.163+05:30  INFO 19464 --- [discovery-server] [a-EvictionTimer] c.n.e.registry.AbstractInstanceRegistry  : Running the evict task with compensationTime 0ms
2026-06-22T14:54:35.164+05:30  INFO 19464 --- [discovery-server] [a-EvictionTimer] c.n.e.registry.AbstractInstanceRegistry  : Running the evict task with compensationTime 1ms
2026-06-22T14:55:35.164+05:30  INFO 19464 --- [discovery-server] [a-EvictionTimer] c.n.e.registry.AbstractInstanceRegistry  : Running the evict task with compensationTime 0ms
2026-06-22T14:56:35.165+05:30  INFO 19464 --- [discovery-server] [a-EvictionTimer] c.n.e.registry.AbstractInstanceRegistry  : Running the evict task with compensationTime 0ms
2026-06-22T14:57:35.165+05:30  INFO 19464 --- [discovery-server] [a-EvictionTimer] c.n.e.registry.AbstractInstanceRegistry  : Running the evict task with compensationTime 0ms
2026-06-22T14:58:35.166+05:30  INFO 19464 --- [discovery-server] [a-EvictionTimer] c.n.e.registry.AbstractInstanceRegistry  : Running the evict task with compensationTime 0ms
2026-06-22T14:59:34.826+05:30  INFO 19464 --- [discovery-server] [hresholdUpdater] c.n.e.r.PeerAwareInstanceRegistryImpl    : Current renewal threshold is : 17
2026-06-22T14:59:35.166+05:30  INFO 19464 --- [discovery-server] [a-EvictionTimer] c.n.e.registry.AbstractInstanceRegistry  : Running the evict task with compensationTime 0ms
2026-06-22T15:00:35.167+05:30  INFO 19464 --- [discovery-server] [a-EvictionTimer] c.n.e.registry.AbstractInstanceRegistry  : Running the evict task with compensationTime 0ms
2026-06-22T15:01:35.167+05:30  INFO 19464 --- [discovery-server] [a-EvictionTimer] c.n.e.registry.AbstractInstanceRegistry  : Running the evict task with compensationTime 0ms
2026-06-22T15:02:35.167+05:30  INFO 19464 --- [discovery-server] [a-EvictionTimer] c.n.e.registry.AbstractInstanceRegistry  : Running the evict task with compensationTime 0ms
2026-06-22T15:03:35.167+05:30  INFO 19464 --- [discovery-server] [a-EvictionTimer] c.n.e.registry.AbstractInstanceRegistry  : Running the evict task with compensationTime 0ms
2026-06-22T15:04:35.168+05:30  INFO 19464 --- [discovery-server] [a-EvictionTimer] c.n.e.registry.AbstractInstanceRegistry  : Running the evict task with compensationTime 0ms
2026-06-22T15:05:35.169+05:30  INFO 19464 --- [discovery-server] [a-EvictionTimer] c.n.e.registry.AbstractInstanceRegistry  : Running the evict task with compensationTime 1ms
2026-06-22T15:06:35.169+05:30  INFO 19464 --- [discovery-server] [a-EvictionTimer] c.n.e.registry.AbstractInstanceRegistry  : Running the evict task with compensationTime 0ms
2026-06-22T15:07:35.170+05:30  INFO 19464 --- [discovery-server] [a-EvictionTimer] c.n.e.registry.AbstractInstanceRegistry  : Running the evict task with compensationTime 1ms
2026-06-22T15:08:35.171+05:30  INFO 19464 --- [discovery-server] [a-EvictionTimer] c.n.e.registry.AbstractInstanceRegistry  : Running the evict task with compensationTime 0ms
2026-06-22T15:09:35.171+05:30  INFO 19464 --- [discovery-server] [a-EvictionTimer] c.n.e.registry.AbstractInstanceRegistry  : Running the evict task with compensationTime 0ms
2026-06-22T15:10:35.172+05:30  INFO 19464 --- [discovery-server] [a-EvictionTimer] c.n.e.registry.AbstractInstanceRegistry  : Running the evict task with compensationTime 0ms
2026-06-22T15:11:35.173+05:30  INFO 19464 --- [discovery-server] [a-EvictionTimer] c.n.e.registry.AbstractInstanceRegistry  : Running the evict task with compensationTime 1ms
2026-06-22T15:12:35.173+05:30  INFO 19464 --- [discovery-server] [a-EvictionTimer] c.n.e.registry.AbstractInstanceRegistry  : Running the evict task with compensationTime 0ms
2026-06-22T15:13:35.173+05:30  INFO 19464 --- [discovery-server] [a-EvictionTimer] c.n.e.registry.AbstractInstanceRegistry  : Running the evict task with compensationTime 0ms
2026-06-22T15:14:34.784+05:30  INFO 19464 --- [discovery-server] [hresholdUpdater] c.n.e.r.PeerAwareInstanceRegistryImpl    : Current renewal threshold is : 17
2026-06-22T15:14:35.174+05:30  INFO 19464 --- [discovery-server] [a-EvictionTimer] c.n.e.registry.AbstractInstanceRegistry  : Running the evict task with compensationTime 0ms
2026-06-22T15:15:35.175+05:30  INFO 19464 --- [discovery-server] [a-EvictionTimer] c.n.e.registry.AbstractInstanceRegistry  : Running the evict task with compensationTime 1ms
2026-06-22T15:16:35.175+05:30  INFO 19464 --- [discovery-server] [a-EvictionTimer] c.n.e.registry.AbstractInstanceRegistry  : Running the evict task with compensationTime 0ms
2026-06-22T15:17:35.177+05:30  INFO 19464 --- [discovery-server] [a-EvictionTimer] c.n.e.registry.AbstractInstanceRegistry  : Running the evict task with compensationTime 1ms
2026-06-22T15:18:35.177+05:30  INFO 19464 --- [discovery-server] [a-EvictionTimer] c.n.e.registry.AbstractInstanceRegistry  : Running the evict task with compensationTime 0ms
2026-06-22T15:19:35.177+05:30  INFO 19464 --- [discovery-server] [a-EvictionTimer] c.n.e.registry.AbstractInstanceRegistry  : Running the evict task with compensationTime 0ms
2026-06-22T15:20:35.177+05:30  INFO 19464 --- [discovery-server] [a-EvictionTimer] c.n.e.registry.AbstractInstanceRegistry  : Running the evict task with compensationTime 0ms
2026-06-22T15:21:35.178+05:30  INFO 19464 --- [discovery-server] [a-EvictionTimer] c.n.e.registry.AbstractInstanceRegistry  : Running the evict task with compensationTime 1ms
2026-06-22T15:22:35.178+05:30  INFO 19464 --- [discovery-server] [a-EvictionTimer] c.n.e.registry.AbstractInstanceRegistry  : Running the evict task with compensationTime 0ms
2026-06-22T15:23:35.178+05:30  INFO 19464 --- [discovery-server] [a-EvictionTimer] c.n.e.registry.AbstractInstanceRegistry  : Running the evict task with compensationTime 0ms
2026-06-22T15:24:35.178+05:30  INFO 19464 --- [discovery-server] [a-EvictionTimer] c.n.e.registry.AbstractInstanceRegistry  : Running the evict task with compensationTime 0ms
2026-06-22T15:25:35.178+05:30  INFO 19464 --- [discovery-server] [a-EvictionTimer] c.n.e.registry.AbstractInstanceRegistry  : Running the evict task with compensationTime 0ms
2026-06-22T15:26:35.178+05:30  INFO 19464 --- [discovery-server] [a-EvictionTimer] c.n.e.registry.AbstractInstanceRegistry  : Running the evict task with compensationTime 0ms
2026-06-22T15:27:35.179+05:30  INFO 19464 --- [discovery-server] [a-EvictionTimer] c.n.e.registry.AbstractInstanceRegistry  : Running the evict task with compensationTime 0ms
2026-06-22T15:28:35.180+05:30  INFO 19464 --- [discovery-server] [a-EvictionTimer] c.n.e.registry.AbstractInstanceRegistry  : Running the evict task with compensationTime 0ms
2026-06-22T15:29:34.806+05:30  INFO 19464 --- [discovery-server] [hresholdUpdater] c.n.e.r.PeerAwareInstanceRegistryImpl    : Current renewal threshold is : 17
2026-06-22T15:29:35.181+05:30  INFO 19464 --- [discovery-server] [a-EvictionTimer] c.n.e.registry.AbstractInstanceRegistry  : Running the evict task with compensationTime 1ms
2026-06-22T15:30:35.182+05:30  INFO 19464 --- [discovery-server] [a-EvictionTimer] c.n.e.registry.AbstractInstanceRegistry  : Running the evict task with compensationTime 0ms
2026-06-22T15:31:35.182+05:30  INFO 19464 --- [discovery-server] [a-EvictionTimer] c.n.e.registry.AbstractInstanceRegistry  : Running the evict task with compensationTime 0ms
2026-06-22T15:32:35.183+05:30  INFO 19464 --- [discovery-server] [a-EvictionTimer] c.n.e.registry.AbstractInstanceRegistry  : Running the evict task with compensationTime 0ms
2026-06-22T15:33:35.183+05:30  INFO 19464 --- [discovery-server] [a-EvictionTimer] c.n.e.registry.AbstractInstanceRegistry  : Running the evict task with compensationTime 0ms
2026-06-22T15:34:35.183+05:30  INFO 19464 --- [discovery-server] [a-EvictionTimer] c.n.e.registry.AbstractInstanceRegistry  : Running the evict task with compensationTime 0ms
2026-06-22T15:35:35.183+05:30  INFO 19464 --- [discovery-server] [a-EvictionTimer] c.n.e.registry.AbstractInstanceRegistry  : Running the evict task with compensationTime 0ms
2026-06-22T15:36:35.183+05:30  INFO 19464 --- [discovery-server] [a-EvictionTimer] c.n.e.registry.AbstractInstanceRegistry  : Running the evict task with compensationTime 0ms
2026-06-22T15:37:35.184+05:30  INFO 19464 --- [discovery-server] [a-EvictionTimer] c.n.e.registry.AbstractInstanceRegistry  : Running the evict task with compensationTime 0ms
2026-06-22T15:38:35.185+05:30  INFO 19464 --- [discovery-server] [a-EvictionTimer] c.n.e.registry.AbstractInstanceRegistry  : Running the evict task with compensationTime 0ms
2026-06-22T15:39:35.185+05:30  INFO 19464 --- [discovery-server] [a-EvictionTimer] c.n.e.registry.AbstractInstanceRegistry  : Running the evict task with compensationTime 0ms
2026-06-22T15:40:35.186+05:30  INFO 19464 --- [discovery-server] [a-EvictionTimer] c.n.e.registry.AbstractInstanceRegistry  : Running the evict task with compensationTime 0ms
2026-06-22T15:41:35.186+05:30  INFO 19464 --- [discovery-server] [a-EvictionTimer] c.n.e.registry.AbstractInstanceRegistry  : Running the evict task with compensationTime 0ms
2026-06-22T15:42:35.186+05:30  INFO 19464 --- [discovery-server] [a-EvictionTimer] c.n.e.registry.AbstractInstanceRegistry  : Running the evict task with compensationTime 0ms
2026-06-22T15:43:35.187+05:30  INFO 19464 --- [discovery-server] [a-EvictionTimer] c.n.e.registry.AbstractInstanceRegistry  : Running the evict task with compensationTime 0ms
2026-06-22T15:44:34.785+05:30  INFO 19464 --- [discovery-server] [hresholdUpdater] c.n.e.r.PeerAwareInstanceRegistryImpl    : Current renewal threshold is : 17
2026-06-22T15:44:35.187+05:30  INFO 19464 --- [discovery-server] [a-EvictionTimer] c.n.e.registry.AbstractInstanceRegistry  : Running the evict task with compensationTime 0ms
2026-06-22T15:45:35.188+05:30  INFO 19464 --- [discovery-server] [a-EvictionTimer] c.n.e.registry.AbstractInstanceRegistry  : Running the evict task with compensationTime 0ms
2026-06-22T15:46:35.189+05:30  INFO 19464 --- [discovery-server] [a-EvictionTimer] c.n.e.registry.AbstractInstanceRegistry  : Running the evict task with compensationTime 0ms
2026-06-22T15:47:35.189+05:30  INFO 19464 --- [discovery-server] [a-EvictionTimer] c.n.e.registry.AbstractInstanceRegistry  : Running the evict task with compensationTime 0ms
2026-06-22T15:48:35.190+05:30  INFO 19464 --- [discovery-server] [a-EvictionTimer] c.n.e.registry.AbstractInstanceRegistry  : Running the evict task with compensationTime 0ms
2026-06-22T15:49:35.191+05:30  INFO 19464 --- [discovery-server] [a-EvictionTimer] c.n.e.registry.AbstractInstanceRegistry  : Running the evict task with compensationTime 1ms
2026-06-22T15:50:35.192+05:30  INFO 19464 --- [discovery-server] [a-EvictionTimer] c.n.e.registry.AbstractInstanceRegistry  : Running the evict task with compensationTime 0ms
2026-06-22T15:51:35.193+05:30  INFO 19464 --- [discovery-server] [a-EvictionTimer] c.n.e.registry.AbstractInstanceRegistry  : Running the evict task with compensationTime 0ms
2026-06-22T15:52:35.193+05:30  INFO 19464 --- [discovery-server] [a-EvictionTimer] c.n.e.registry.AbstractInstanceRegistry  : Running the evict task with compensationTime 0ms
2026-06-22T15:53:35.194+05:30  INFO 19464 --- [discovery-server] [a-EvictionTimer] c.n.e.registry.AbstractInstanceRegistry  : Running the evict task with compensationTime 1ms
2026-06-22T15:54:35.195+05:30  INFO 19464 --- [discovery-server] [a-EvictionTimer] c.n.e.registry.AbstractInstanceRegistry  : Running the evict task with compensationTime 0ms
2026-06-22T15:55:35.195+05:30  INFO 19464 --- [discovery-server] [a-EvictionTimer] c.n.e.registry.AbstractInstanceRegistry  : Running the evict task with compensationTime 0ms
2026-06-22T15:56:35.196+05:30  INFO 19464 --- [discovery-server] [a-EvictionTimer] c.n.e.registry.AbstractInstanceRegistry  : Running the evict task with compensationTime 0ms
2026-06-22T15:57:35.197+05:30  INFO 19464 --- [discovery-server] [a-EvictionTimer] c.n.e.registry.AbstractInstanceRegistry  : Running the evict task with compensationTime 0ms
2026-06-22T15:58:35.197+05:30  INFO 19464 --- [discovery-server] [a-EvictionTimer] c.n.e.registry.AbstractInstanceRegistry  : Running the evict task with compensationTime 0ms
2026-06-22T15:59:34.822+05:30  INFO 19464 --- [discovery-server] [hresholdUpdater] c.n.e.r.PeerAwareInstanceRegistryImpl    : Current renewal threshold is : 17
2026-06-22T15:59:35.198+05:30  INFO 19464 --- [discovery-server] [a-EvictionTimer] c.n.e.registry.AbstractInstanceRegistry  : Running the evict task with compensationTime 1ms
2026-06-22T16:00:35.198+05:30  INFO 19464 --- [discovery-server] [a-EvictionTimer] c.n.e.registry.AbstractInstanceRegistry  : Running the evict task with compensationTime 0ms
2026-06-22T16:01:35.199+05:30  INFO 19464 --- [discovery-server] [a-EvictionTimer] c.n.e.registry.AbstractInstanceRegistry  : Running the evict task with compensationTime 0ms
2026-06-22T16:02:35.200+05:30  INFO 19464 --- [discovery-server] [a-EvictionTimer] c.n.e.registry.AbstractInstanceRegistry  : Running the evict task with compensationTime 0ms
2026-06-22T16:03:35.201+05:30  INFO 19464 --- [discovery-server] [a-EvictionTimer] c.n.e.registry.AbstractInstanceRegistry  : Running the evict task with compensationTime 1ms
2026-06-22T16:04:35.201+05:30  INFO 19464 --- [discovery-server] [a-EvictionTimer] c.n.e.registry.AbstractInstanceRegistry  : Running the evict task with compensationTime 0ms
2026-06-22T16:05:35.202+05:30  INFO 19464 --- [discovery-server] [a-EvictionTimer] c.n.e.registry.AbstractInstanceRegistry  : Running the evict task with compensationTime 0ms
2026-06-22T16:06:35.203+05:30  INFO 19464 --- [discovery-server] [a-EvictionTimer] c.n.e.registry.AbstractInstanceRegistry  : Running the evict task with compensationTime 1ms
2026-06-22T16:07:35.203+05:30  INFO 19464 --- [discovery-server] [a-EvictionTimer] c.n.e.registry.AbstractInstanceRegistry  : Running the evict task with compensationTime 0ms
2026-06-22T16:08:35.204+05:30  INFO 19464 --- [discovery-server] [a-EvictionTimer] c.n.e.registry.AbstractInstanceRegistry  : Running the evict task with compensationTime 0ms
2026-06-22T16:09:35.205+05:30  INFO 19464 --- [discovery-server] [a-EvictionTimer] c.n.e.registry.AbstractInstanceRegistry  : Running the evict task with compensationTime 0ms
2026-06-22T16:10:35.206+05:30  INFO 19464 --- [discovery-server] [a-EvictionTimer] c.n.e.registry.AbstractInstanceRegistry  : Running the evict task with compensationTime 0ms
2026-06-22T16:11:35.206+05:30  INFO 19464 --- [discovery-server] [a-EvictionTimer] c.n.e.registry.AbstractInstanceRegistry  : Running the evict task with compensationTime 0ms
2026-06-22T16:12:35.206+05:30  INFO 19464 --- [discovery-server] [a-EvictionTimer] c.n.e.registry.AbstractInstanceRegistry  : Running the evict task with compensationTime 0ms
2026-06-22T16:13:35.206+05:30  INFO 19464 --- [discovery-server] [a-EvictionTimer] c.n.e.registry.AbstractInstanceRegistry  : Running the evict task with compensationTime 0ms
2026-06-22T16:14:34.785+05:30  INFO 19464 --- [discovery-server] [hresholdUpdater] c.n.e.r.PeerAwareInstanceRegistryImpl    : Current renewal threshold is : 17
2026-06-22T16:14:35.207+05:30  INFO 19464 --- [discovery-server] [a-EvictionTimer] c.n.e.registry.AbstractInstanceRegistry  : Running the evict task with compensationTime 0ms
2026-06-22T16:15:35.208+05:30  INFO 19464 --- [discovery-server] [a-EvictionTimer] c.n.e.registry.AbstractInstanceRegistry  : Running the evict task with compensationTime 1ms
2026-06-22T16:16:35.209+05:30  INFO 19464 --- [discovery-server] [a-EvictionTimer] c.n.e.registry.AbstractInstanceRegistry  : Running the evict task with compensationTime 0ms
2026-06-22T16:17:35.210+05:30  INFO 19464 --- [discovery-server] [a-EvictionTimer] c.n.e.registry.AbstractInstanceRegistry  : Running the evict task with compensationTime 0ms
2026-06-22T16:18:35.211+05:30  INFO 19464 --- [discovery-server] [a-EvictionTimer] c.n.e.registry.AbstractInstanceRegistry  : Running the evict task with compensationTime 0ms
2026-06-22T16:19:35.211+05:30  INFO 19464 --- [discovery-server] [a-EvictionTimer] c.n.e.registry.AbstractInstanceRegistry  : Running the evict task with compensationTime 0ms
2026-06-22T16:20:35.212+05:30  INFO 19464 --- [discovery-server] [a-EvictionTimer] c.n.e.registry.AbstractInstanceRegistry  : Running the evict task with compensationTime 0ms
2026-06-22T16:21:35.212+05:30  INFO 19464 --- [discovery-server] [a-EvictionTimer] c.n.e.registry.AbstractInstanceRegistry  : Running the evict task with compensationTime 0ms
2026-06-22T16:22:35.212+05:30  INFO 19464 --- [discovery-server] [a-EvictionTimer] c.n.e.registry.AbstractInstanceRegistry  : Running the evict task with compensationTime 0ms
2026-06-22T16:23:35.212+05:30  INFO 19464 --- [discovery-server] [a-EvictionTimer] c.n.e.registry.AbstractInstanceRegistry  : Running the evict task with compensationTime 0ms
2026-06-22T16:24:35.213+05:30  INFO 19464 --- [discovery-server] [a-EvictionTimer] c.n.e.registry.AbstractInstanceRegistry  : Running the evict task with compensationTime 0ms
2026-06-22T16:25:35.214+05:30  INFO 19464 --- [discovery-server] [a-EvictionTimer] c.n.e.registry.AbstractInstanceRegistry  : Running the evict task with compensationTime 0ms
2026-06-22T16:26:35.214+05:30  INFO 19464 --- [discovery-server] [a-EvictionTimer] c.n.e.registry.AbstractInstanceRegistry  : Running the evict task with compensationTime 0ms
2026-06-22T16:27:35.214+05:30  INFO 19464 --- [discovery-server] [a-EvictionTimer] c.n.e.registry.AbstractInstanceRegistry  : Running the evict task with compensationTime 0ms
2026-06-22T16:28:35.214+05:30  INFO 19464 --- [discovery-server] [a-EvictionTimer] c.n.e.registry.AbstractInstanceRegistry  : Running the evict task with compensationTime 0ms
2026-06-22T16:29:34.785+05:30  INFO 19464 --- [discovery-server] [hresholdUpdater] c.n.e.r.PeerAwareInstanceRegistryImpl    : Current renewal threshold is : 17
2026-06-22T16:29:35.214+05:30  INFO 19464 --- [discovery-server] [a-EvictionTimer] c.n.e.registry.AbstractInstanceRegistry  : Running the evict task with compensationTime 0ms
2026-06-22T16:30:35.214+05:30  INFO 19464 --- [discovery-server] [a-EvictionTimer] c.n.e.registry.AbstractInstanceRegistry  : Running the evict task with compensationTime 0ms
2026-06-22T16:31:35.214+05:30  INFO 19464 --- [discovery-server] [a-EvictionTimer] c.n.e.registry.AbstractInstanceRegistry  : Running the evict task with compensationTime 0ms
2026-06-22T16:32:35.214+05:30  INFO 19464 --- [discovery-server] [a-EvictionTimer] c.n.e.registry.AbstractInstanceRegistry  : Running the evict task with compensationTime 0ms
2026-06-22T16:33:35.215+05:30  INFO 19464 --- [discovery-server] [a-EvictionTimer] c.n.e.registry.AbstractInstanceRegistry  : Running the evict task with compensationTime 1ms
2026-06-22T16:34:35.215+05:30  INFO 19464 --- [discovery-server] [a-EvictionTimer] c.n.e.registry.AbstractInstanceRegistry  : Running the evict task with compensationTime 0ms
2026-06-22T16:35:35.215+05:30  INFO 19464 --- [discovery-server] [a-EvictionTimer] c.n.e.registry.AbstractInstanceRegistry  : Running the evict task with compensationTime 0ms
2026-06-22T16:36:35.216+05:30  INFO 19464 --- [discovery-server] [a-EvictionTimer] c.n.e.registry.AbstractInstanceRegistry  : Running the evict task with compensationTime 0ms
2026-06-22T16:37:35.216+05:30  INFO 19464 --- [discovery-server] [a-EvictionTimer] c.n.e.registry.AbstractInstanceRegistry  : Running the evict task with compensationTime 0ms
2026-06-22T16:38:35.217+05:30  INFO 19464 --- [discovery-server] [a-EvictionTimer] c.n.e.registry.AbstractInstanceRegistry  : Running the evict task with compensationTime 0ms
2026-06-22T16:39:35.217+05:30  INFO 19464 --- [discovery-server] [a-EvictionTimer] c.n.e.registry.AbstractInstanceRegistry  : Running the evict task with compensationTime 0ms
2026-06-22T16:40:35.217+05:30  INFO 19464 --- [discovery-server] [a-EvictionTimer] c.n.e.registry.AbstractInstanceRegistry  : Running the evict task with compensationTime 0ms
2026-06-22T16:41:35.217+05:30  INFO 19464 --- [discovery-server] [a-EvictionTimer] c.n.e.registry.AbstractInstanceRegistry  : Running the evict task with compensationTime 0ms
2026-06-22T16:42:35.218+05:30  INFO 19464 --- [discovery-server] [a-EvictionTimer] c.n.e.registry.AbstractInstanceRegistry  : Running the evict task with compensationTime 0ms
2026-06-22T16:43:35.219+05:30  INFO 19464 --- [discovery-server] [a-EvictionTimer] c.n.e.registry.AbstractInstanceRegistry  : Running the evict task with compensationTime 0ms
2026-06-22T16:44:34.783+05:30  INFO 19464 --- [discovery-server] [hresholdUpdater] c.n.e.r.PeerAwareInstanceRegistryImpl    : Current renewal threshold is : 17
2026-06-22T16:44:35.220+05:30  INFO 19464 --- [discovery-server] [a-EvictionTimer] c.n.e.registry.AbstractInstanceRegistry  : Running the evict task with compensationTime 0ms
2026-06-22T16:45:35.221+05:30  INFO 19464 --- [discovery-server] [a-EvictionTimer] c.n.e.registry.AbstractInstanceRegistry  : Running the evict task with compensationTime 1ms
2026-06-22T16:46:35.221+05:30  INFO 19464 --- [discovery-server] [a-EvictionTimer] c.n.e.registry.AbstractInstanceRegistry  : Running the evict task with compensationTime 0ms
2026-06-22T16:47:35.221+05:30  INFO 19464 --- [discovery-server] [a-EvictionTimer] c.n.e.registry.AbstractInstanceRegistry  : Running the evict task with compensationTime 0ms
2026-06-22T16:48:35.222+05:30  INFO 19464 --- [discovery-server] [a-EvictionTimer] c.n.e.registry.AbstractInstanceRegistry  : Running the evict task with compensationTime 0ms
2026-06-22T16:49:35.223+05:30  INFO 19464 --- [discovery-server] [a-EvictionTimer] c.n.e.registry.AbstractInstanceRegistry  : Running the evict task with compensationTime 0ms
2026-06-22T16:50:35.224+05:30  INFO 19464 --- [discovery-server] [a-EvictionTimer] c.n.e.registry.AbstractInstanceRegistry  : Running the evict task with compensationTime 0ms
2026-06-22T16:51:35.225+05:30  INFO 19464 --- [discovery-server] [a-EvictionTimer] c.n.e.registry.AbstractInstanceRegistry  : Running the evict task with compensationTime 1ms
2026-06-22T16:52:35.225+05:30  INFO 19464 --- [discovery-server] [a-EvictionTimer] c.n.e.registry.AbstractInstanceRegistry  : Running the evict task with compensationTime 0ms
2026-06-22T16:53:35.225+05:30  INFO 19464 --- [discovery-server] [a-EvictionTimer] c.n.e.registry.AbstractInstanceRegistry  : Running the evict task with compensationTime 0ms
2026-06-22T16:54:35.225+05:30  INFO 19464 --- [discovery-server] [a-EvictionTimer] c.n.e.registry.AbstractInstanceRegistry  : Running the evict task with compensationTime 0ms
2026-06-22T16:55:35.225+05:30  INFO 19464 --- [discovery-server] [a-EvictionTimer] c.n.e.registry.AbstractInstanceRegistry  : Running the evict task with compensationTime 0ms
2026-06-22T16:56:35.226+05:30  INFO 19464 --- [discovery-server] [a-EvictionTimer] c.n.e.registry.AbstractInstanceRegistry  : Running the evict task with compensationTime 0ms
2026-06-22T16:57:35.226+05:30  INFO 19464 --- [discovery-server] [a-EvictionTimer] c.n.e.registry.AbstractInstanceRegistry  : Running the evict task with compensationTime 0ms
2026-06-22T16:58:35.227+05:30  INFO 19464 --- [discovery-server] [a-EvictionTimer] c.n.e.registry.AbstractInstanceRegistry  : Running the evict task with compensationTime 0ms
2026-06-22T16:59:34.810+05:30  INFO 19464 --- [discovery-server] [hresholdUpdater] c.n.e.r.PeerAwareInstanceRegistryImpl    : Current renewal threshold is : 17
2026-06-22T16:59:35.228+05:30  INFO 19464 --- [discovery-server] [a-EvictionTimer] c.n.e.registry.AbstractInstanceRegistry  : Running the evict task with compensationTime 0ms
2026-06-22T17:00:35.228+05:30  INFO 19464 --- [discovery-server] [a-EvictionTimer] c.n.e.registry.AbstractInstanceRegistry  : Running the evict task with compensationTime 0ms
2026-06-22T17:01:35.228+05:30  INFO 19464 --- [discovery-server] [a-EvictionTimer] c.n.e.registry.AbstractInstanceRegistry  : Running the evict task with compensationTime 0ms
2026-06-22T17:02:35.229+05:30  INFO 19464 --- [discovery-server] [a-EvictionTimer] c.n.e.registry.AbstractInstanceRegistry  : Running the evict task with compensationTime 0ms
2026-06-22T17:03:35.229+05:30  INFO 19464 --- [discovery-server] [a-EvictionTimer] c.n.e.registry.AbstractInstanceRegistry  : Running the evict task with compensationTime 0ms
2026-06-22T17:04:35.230+05:30  INFO 19464 --- [discovery-server] [a-EvictionTimer] c.n.e.registry.AbstractInstanceRegistry  : Running the evict task with compensationTime 0ms
2026-06-22T17:05:35.230+05:30  INFO 19464 --- [discovery-server] [a-EvictionTimer] c.n.e.registry.AbstractInstanceRegistry  : Running the evict task with compensationTime 0ms
2026-06-22T17:06:35.231+05:30  INFO 19464 --- [discovery-server] [a-EvictionTimer] c.n.e.registry.AbstractInstanceRegistry  : Running the evict task with compensationTime 0ms
2026-06-22T17:07:35.231+05:30  INFO 19464 --- [discovery-server] [a-EvictionTimer] c.n.e.registry.AbstractInstanceRegistry  : Running the evict task with compensationTime 0ms
2026-06-22T17:08:35.232+05:30  INFO 19464 --- [discovery-server] [a-EvictionTimer] c.n.e.registry.AbstractInstanceRegistry  : Running the evict task with compensationTime 0ms
2026-06-22T17:09:35.232+05:30  INFO 19464 --- [discovery-server] [a-EvictionTimer] c.n.e.registry.AbstractInstanceRegistry  : Running the evict task with compensationTime 0ms
2026-06-22T17:10:35.234+05:30  INFO 19464 --- [discovery-server] [a-EvictionTimer] c.n.e.registry.AbstractInstanceRegistry  : Running the evict task with compensationTime 1ms
2026-06-22T17:11:35.234+05:30  INFO 19464 --- [discovery-server] [a-EvictionTimer] c.n.e.registry.AbstractInstanceRegistry  : Running the evict task with compensationTime 0ms
2026-06-22T17:12:35.235+05:30  INFO 19464 --- [discovery-server] [a-EvictionTimer] c.n.e.registry.AbstractInstanceRegistry  : Running the evict task with compensationTime 0ms
2026-06-22T17:13:35.235+05:30  INFO 19464 --- [discovery-server] [a-EvictionTimer] c.n.e.registry.AbstractInstanceRegistry  : Running the evict task with compensationTime 0ms
2026-06-22T17:14:34.784+05:30  INFO 19464 --- [discovery-server] [hresholdUpdater] c.n.e.r.PeerAwareInstanceRegistryImpl    : Current renewal threshold is : 17
2026-06-22T17:14:35.236+05:30  INFO 19464 --- [discovery-server] [a-EvictionTimer] c.n.e.registry.AbstractInstanceRegistry  : Running the evict task with compensationTime 0ms
2026-06-22T17:15:35.237+05:30  INFO 19464 --- [discovery-server] [a-EvictionTimer] c.n.e.registry.AbstractInstanceRegistry  : Running the evict task with compensationTime 0ms
2026-06-22T17:16:35.237+05:30  INFO 19464 --- [discovery-server] [a-EvictionTimer] c.n.e.registry.AbstractInstanceRegistry  : Running the evict task with compensationTime 0ms
2026-06-22T17:17:35.238+05:30  INFO 19464 --- [discovery-server] [a-EvictionTimer] c.n.e.registry.AbstractInstanceRegistry  : Running the evict task with compensationTime 0ms
2026-06-22T17:18:35.238+05:30  INFO 19464 --- [discovery-server] [a-EvictionTimer] c.n.e.registry.AbstractInstanceRegistry  : Running the evict task with compensationTime 0ms
2026-06-22T17:19:35.238+05:30  INFO 19464 --- [discovery-server] [a-EvictionTimer] c.n.e.registry.AbstractInstanceRegistry  : Running the evict task with compensationTime 0ms
2026-06-22T17:20:35.239+05:30  INFO 19464 --- [discovery-server] [a-EvictionTimer] c.n.e.registry.AbstractInstanceRegistry  : Running the evict task with compensationTime 0ms
2026-06-22T17:21:35.283+05:30  INFO 19464 --- [discovery-server] [a-EvictionTimer] c.n.e.registry.AbstractInstanceRegistry  : Running the evict task with compensationTime 13ms
2026-06-22T17:22:35.252+05:30  INFO 19464 --- [discovery-server] [a-EvictionTimer] c.n.e.registry.AbstractInstanceRegistry  : Running the evict task with compensationTime 0ms
2026-06-22T17:23:35.254+05:30  INFO 19464 --- [discovery-server] [a-EvictionTimer] c.n.e.registry.AbstractInstanceRegistry  : Running the evict task with compensationTime 1ms
2026-06-22T17:24:35.254+05:30  INFO 19464 --- [discovery-server] [a-EvictionTimer] c.n.e.registry.AbstractInstanceRegistry  : Running the evict task with compensationTime 0ms
2026-06-22T17:25:35.255+05:30  INFO 19464 --- [discovery-server] [a-EvictionTimer] c.n.e.registry.AbstractInstanceRegistry  : Running the evict task with compensationTime 0ms
2026-06-22T17:26:35.255+05:30  INFO 19464 --- [discovery-server] [a-EvictionTimer] c.n.e.registry.AbstractInstanceRegistry  : Running the evict task with compensationTime 0ms
2026-06-22T17:27:35.256+05:30  INFO 19464 --- [discovery-server] [a-EvictionTimer] c.n.e.registry.AbstractInstanceRegistry  : Running the evict task with compensationTime 0ms
2026-06-22T17:28:35.256+05:30  INFO 19464 --- [discovery-server] [a-EvictionTimer] c.n.e.registry.AbstractInstanceRegistry  : Running the evict task with compensationTime 0ms
2026-06-22T17:29:34.792+05:30  INFO 19464 --- [discovery-server] [hresholdUpdater] c.n.e.r.PeerAwareInstanceRegistryImpl    : Current renewal threshold is : 17
2026-06-22T17:29:35.256+05:30  INFO 19464 --- [discovery-server] [a-EvictionTimer] c.n.e.registry.AbstractInstanceRegistry  : Running the evict task with compensationTime 0ms
2026-06-22T17:30:35.257+05:30  INFO 19464 --- [discovery-server] [a-EvictionTimer] c.n.e.registry.AbstractInstanceRegistry  : Running the evict task with compensationTime 0ms
2026-06-22T17:31:35.259+05:30  INFO 19464 --- [discovery-server] [a-EvictionTimer] c.n.e.registry.AbstractInstanceRegistry  : Running the evict task with compensationTime 0ms
2026-06-22T17:32:35.258+05:30  INFO 19464 --- [discovery-server] [a-EvictionTimer] c.n.e.registry.AbstractInstanceRegistry  : Running the evict task with compensationTime 1ms
2026-06-22T17:33:35.259+05:30  INFO 19464 --- [discovery-server] [a-EvictionTimer] c.n.e.registry.AbstractInstanceRegistry  : Running the evict task with compensationTime 1ms
2026-06-22T17:34:35.259+05:30  INFO 19464 --- [discovery-server] [a-EvictionTimer] c.n.e.registry.AbstractInstanceRegistry  : Running the evict task with compensationTime 0ms
2026-06-22T17:35:35.259+05:30  INFO 19464 --- [discovery-server] [a-EvictionTimer] c.n.e.registry.AbstractInstanceRegistry  : Running the evict task with compensationTime 0ms
                                                                                                                                                                                2026-06-22T17:37:35.270+05:30  INFO 19464 --- [discovery-server] [a-EvictionTimer] c.n.e.registry.AbstractInstanceRegistry  : Running the evict task with compensationTime 10ms
2026-06-22T17:38:35.276+05:30  INFO 19464 --- [discovery-server] [a-EvictionTimer] c.n.e.registry.AbstractInstanceRegistry  : Running the evict task with compensationTime 5ms
2026-06-22T17:39:35.285+05:30  INFO 19464 --- [discovery-server] [a-EvictionTimer] c.n.e.registry.AbstractInstanceRegistry  : Running the evict task with compensationTime 9ms
2026-06-22T17:40:35.289+05:30  INFO 19464 --- [discovery-server] [a-EvictionTimer] c.n.e.registry.AbstractInstanceRegistry  : Running the evict task with compensationTime 3ms
2026-06-22T17:41:35.296+05:30  INFO 19464 --- [discovery-server] [a-EvictionTimer] c.n.e.registry.AbstractInstanceRegistry  : Running the evict task with compensationTime 8ms
2026-06-22T17:42:35.307+05:30  INFO 19464 --- [discovery-server] [a-EvictionTimer] c.n.e.registry.AbstractInstanceRegistry  : Running the evict task with compensationTime 10ms
2026-06-22T17:43:35.318+05:30  INFO 19464 --- [discovery-server] [a-EvictionTimer] c.n.e.registry.AbstractInstanceRegistry  : Running the evict task with compensationTime 10ms
2026-06-22T17:44:34.787+05:30  INFO 19464 --- [discovery-server] [hresholdUpdater] c.n.e.r.PeerAwareInstanceRegistryImpl    : Current renewal threshold is : 17
2026-06-22T17:44:35.323+05:30  INFO 19464 --- [discovery-server] [a-EvictionTimer] c.n.e.registry.AbstractInstanceRegistry  : Running the evict task with compensationTime 4ms
2026-06-22T17:45:35.330+05:30  INFO 19464 --- [discovery-server] [a-EvictionTimer] c.n.e.registry.AbstractInstanceRegistry  : Running the evict task with compensationTime 7ms
2026-06-22T17:46:35.344+05:30  INFO 19464 --- [discovery-server] [a-EvictionTimer] c.n.e.registry.AbstractInstanceRegistry  : Running the evict task with compensationTime 14ms
2026-06-22T17:47:35.345+05:30  INFO 19464 --- [discovery-server] [a-EvictionTimer] c.n.e.registry.AbstractInstanceRegistry  : Running the evict task with compensationTime 0ms
2026-06-22T17:48:35.348+05:30  INFO 19464 --- [discovery-server] [a-EvictionTimer] c.n.e.registry.AbstractInstanceRegistry  : Running the evict task with compensationTime 3ms
2026-06-22T17:49:35.362+05:30  INFO 19464 --- [discovery-server] [a-EvictionTimer] c.n.e.registry.AbstractInstanceRegistry  : Running the evict task with compensationTime 14ms
2026-06-22T17:50:35.368+05:30  INFO 19464 --- [discovery-server] [a-EvictionTimer] c.n.e.registry.AbstractInstanceRegistry  : Running the evict task with compensationTime 5ms
2026-06-22T17:51:35.374+05:30  INFO 19464 --- [discovery-server] [a-EvictionTimer] c.n.e.registry.AbstractInstanceRegistry  : Running the evict task with compensationTime 6ms
2026-06-22T17:52:35.385+05:30  INFO 19464 --- [discovery-server] [a-EvictionTimer] c.n.e.registry.AbstractInstanceRegistry  : Running the evict task with compensationTime 10ms
2026-06-22T17:53:35.396+05:30  INFO 19464 --- [discovery-server] [a-EvictionTimer] c.n.e.registry.AbstractInstanceRegistry  : Running the evict task with compensationTime 10ms
2026-06-22T17:54:35.408+05:30  INFO 19464 --- [discovery-server] [a-EvictionTimer] c.n.e.registry.AbstractInstanceRegistry  : Running the evict task with compensationTime 11ms
2026-06-22T17:55:35.414+05:30  INFO 19464 --- [discovery-server] [a-EvictionTimer] c.n.e.registry.AbstractInstanceRegistry  : Running the evict task with compensationTime 7ms
2026-06-22T17:56:35.416+05:30  INFO 19464 --- [discovery-server] [a-EvictionTimer] c.n.e.registry.AbstractInstanceRegistry  : Running the evict task with compensationTime 1ms
2026-06-22T17:57:35.424+05:30  INFO 19464 --- [discovery-server] [a-EvictionTimer] c.n.e.registry.AbstractInstanceRegistry  : Running the evict task with compensationTime 7ms
2026-06-22T17:58:35.430+05:30  INFO 19464 --- [discovery-server] [a-EvictionTimer] c.n.e.registry.AbstractInstanceRegistry  : Running the evict task with compensationTime 7ms
2026-06-22T17:59:34.803+05:30  INFO 19464 --- [discovery-server] [hresholdUpdater] c.n.e.r.PeerAwareInstanceRegistryImpl    : Current renewal threshold is : 17
2026-06-22T17:59:35.436+05:30  INFO 19464 --- [discovery-server] [a-EvictionTimer] c.n.e.registry.AbstractInstanceRegistry  : Running the evict task with compensationTime 5ms
2026-06-22T18:00:35.444+05:30  INFO 19464 --- [discovery-server] [a-EvictionTimer] c.n.e.registry.AbstractInstanceRegistry  : Running the evict task with compensationTime 8ms
2026-06-22T18:01:35.453+05:30  INFO 19464 --- [discovery-server] [a-EvictionTimer] c.n.e.registry.AbstractInstanceRegistry  : Running the evict task with compensationTime 9ms
2026-06-22T18:02:35.464+05:30  INFO 19464 --- [discovery-server] [a-EvictionTimer] c.n.e.registry.AbstractInstanceRegistry  : Running the evict task with compensationTime 10ms
2026-06-22T18:03:35.478+05:30  INFO 19464 --- [discovery-server] [a-EvictionTimer] c.n.e.registry.AbstractInstanceRegistry  : Running the evict task with compensationTime 14ms
2026-06-22T18:04:35.485+05:30  INFO 19464 --- [discovery-server] [a-EvictionTimer] c.n.e.registry.AbstractInstanceRegistry  : Running the evict task with compensationTime 6ms
2026-06-22T18:05:35.495+05:30  INFO 19464 --- [discovery-server] [a-EvictionTimer] c.n.e.registry.AbstractInstanceRegistry  : Running the evict task with compensationTime 10ms
2026-06-22T18:06:35.500+05:30  INFO 19464 --- [discovery-server] [a-EvictionTimer] c.n.e.registry.AbstractInstanceRegistry  : Running the evict task with compensationTime 4ms
2026-06-22T18:07:35.509+05:30  INFO 19464 --- [discovery-server] [a-EvictionTimer] c.n.e.registry.AbstractInstanceRegistry  : Running the evict task with compensationTime 9ms
2026-06-22T18:08:35.513+05:30  INFO 19464 --- [discovery-server] [a-EvictionTimer] c.n.e.registry.AbstractInstanceRegistry  : Running the evict task with compensationTime 4ms
2026-06-22T18:09:35.526+05:30  INFO 19464 --- [discovery-server] [a-EvictionTimer] c.n.e.registry.AbstractInstanceRegistry  : Running the evict task with compensationTime 12ms
2026-06-22T18:10:35.540+05:30  INFO 19464 --- [discovery-server] [a-EvictionTimer] c.n.e.registry.AbstractInstanceRegistry  : Running the evict task with compensationTime 14ms
2026-06-22T18:11:35.549+05:30  INFO 19464 --- [discovery-server] [a-EvictionTimer] c.n.e.registry.AbstractInstanceRegistry  : Running the evict task with compensationTime 9ms
2026-06-22T18:12:35.560+05:30  INFO 19464 --- [discovery-server] [a-EvictionTimer] c.n.e.registry.AbstractInstanceRegistry  : Running the evict task with compensationTime 10ms
2026-06-22T18:13:35.573+05:30  INFO 19464 --- [discovery-server] [a-EvictionTimer] c.n.e.registry.AbstractInstanceRegistry  : Running the evict task with compensationTime 12ms
2026-06-22T18:14:34.807+05:30  INFO 19464 --- [discovery-server] [hresholdUpdater] c.n.e.r.PeerAwareInstanceRegistryImpl    : Current renewal threshold is : 17
2026-06-22T18:14:35.574+05:30  INFO 19464 --- [discovery-server] [a-EvictionTimer] c.n.e.registry.AbstractInstanceRegistry  : Running the evict task with compensationTime 0ms
2026-06-22T18:15:35.575+05:30  INFO 19464 --- [discovery-server] [a-EvictionTimer] c.n.e.registry.AbstractInstanceRegistry  : Running the evict task with compensationTime 1ms
2026-06-22T18:16:35.576+05:30  INFO 19464 --- [discovery-server] [a-EvictionTimer] c.n.e.registry.AbstractInstanceRegistry  : Running the evict task with compensationTime 1ms
2026-06-22T18:17:35.576+05:30  INFO 19464 --- [discovery-server] [a-EvictionTimer] c.n.e.registry.AbstractInstanceRegistry  : Running the evict task with compensationTime 0ms
2026-06-22T18:18:35.577+05:30  INFO 19464 --- [discovery-server] [a-EvictionTimer] c.n.e.registry.AbstractInstanceRegistry  : Running the evict task with compensationTime 0ms
2026-06-22T18:19:35.577+05:30  INFO 19464 --- [discovery-server] [a-EvictionTimer] c.n.e.registry.AbstractInstanceRegistry  : Running the evict task with compensationTime 0ms
2026-06-22T18:20:35.578+05:30  INFO 19464 --- [discovery-server] [a-EvictionTimer] c.n.e.registry.AbstractInstanceRegistry  : Running the evict task with compensationTime 0ms
2026-06-22T18:21:35.579+05:30  INFO 19464 --- [discovery-server] [a-EvictionTimer] c.n.e.registry.AbstractInstanceRegistry  : Running the evict task with compensationTime 1ms
2026-06-22T18:22:35.580+05:30  INFO 19464 --- [discovery-server] [a-EvictionTimer] c.n.e.registry.AbstractInstanceRegistry  : Running the evict task with compensationTime 0ms
2026-06-22T18:23:35.580+05:30  INFO 19464 --- [discovery-server] [a-EvictionTimer] c.n.e.registry.AbstractInstanceRegistry  : Running the evict task with compensationTime 0ms
2026-06-22T18:24:35.581+05:30  INFO 19464 --- [discovery-server] [a-EvictionTimer] c.n.e.registry.AbstractInstanceRegistry  : Running the evict task with compensationTime 1ms
2026-06-22T18:25:35.582+05:30  INFO 19464 --- [discovery-server] [a-EvictionTimer] c.n.e.registry.AbstractInstanceRegistry  : Running the evict task with compensationTime 0ms
2026-06-22T18:26:35.582+05:30  INFO 19464 --- [discovery-server] [a-EvictionTimer] c.n.e.registry.AbstractInstanceRegistry  : Running the evict task with compensationTime 0ms
2026-06-22T18:27:35.582+05:30  INFO 19464 --- [discovery-server] [a-EvictionTimer] c.n.e.registry.AbstractInstanceRegistry  : Running the evict task with compensationTime 0ms
2026-06-22T18:28:35.582+05:30  INFO 19464 --- [discovery-server] [a-EvictionTimer] c.n.e.registry.AbstractInstanceRegistry  : Running the evict task with compensationTime 0ms
2026-06-22T18:29:34.829+05:30  INFO 19464 --- [discovery-server] [hresholdUpdater] c.n.e.r.PeerAwareInstanceRegistryImpl    : Current renewal threshold is : 17
2026-06-22T18:29:35.582+05:30  INFO 19464 --- [discovery-server] [a-EvictionTimer] c.n.e.registry.AbstractInstanceRegistry  : Running the evict task with compensationTime 0ms
2026-06-22T18:30:35.583+05:30  INFO 19464 --- [discovery-server] [a-EvictionTimer] c.n.e.registry.AbstractInstanceRegistry  : Running the evict task with compensationTime 0ms
2026-06-22T18:31:35.583+05:30  INFO 19464 --- [discovery-server] [a-EvictionTimer] c.n.e.registry.AbstractInstanceRegistry  : Running the evict task with compensationTime 0ms
2026-06-22T18:32:35.584+05:30  INFO 19464 --- [discovery-server] [a-EvictionTimer] c.n.e.registry.AbstractInstanceRegistry  : Running the evict task with compensationTime 0ms
2026-06-22T18:33:35.585+05:30  INFO 19464 --- [discovery-server] [a-EvictionTimer] c.n.e.registry.AbstractInstanceRegistry  : Running the evict task with compensationTime 1ms
2026-06-22T18:34:35.586+05:30  INFO 19464 --- [discovery-server] [a-EvictionTimer] c.n.e.registry.AbstractInstanceRegistry  : Running the evict task with compensationTime 0ms
2026-06-22T18:35:35.587+05:30  INFO 19464 --- [discovery-server] [a-EvictionTimer] c.n.e.registry.AbstractInstanceRegistry  : Running the evict task with compensationTime 0ms
2026-06-22T18:36:35.587+05:30  INFO 19464 --- [discovery-server] [a-EvictionTimer] c.n.e.registry.AbstractInstanceRegistry  : Running the evict task with compensationTime 0ms
2026-06-22T18:37:35.587+05:30  INFO 19464 --- [discovery-server] [a-EvictionTimer] c.n.e.registry.AbstractInstanceRegistry  : Running the evict task with compensationTime 0ms
2026-06-22T18:38:35.587+05:30  INFO 19464 --- [discovery-server] [a-EvictionTimer] c.n.e.registry.AbstractInstanceRegistry  : Running the evict task with compensationTime 0ms
2026-06-22T18:39:35.587+05:30  INFO 19464 --- [discovery-server] [a-EvictionTimer] c.n.e.registry.AbstractInstanceRegistry  : Running the evict task with compensationTime 0ms
2026-06-22T18:40:35.588+05:30  INFO 19464 --- [discovery-server] [a-EvictionTimer] c.n.e.registry.AbstractInstanceRegistry  : Running the evict task with compensationTime 1ms
2026-06-22T18:41:35.589+05:30  INFO 19464 --- [discovery-server] [a-EvictionTimer] c.n.e.registry.AbstractInstanceRegistry  : Running the evict task with compensationTime 0ms
2026-06-22T18:42:35.589+05:30  INFO 19464 --- [discovery-server] [a-EvictionTimer] c.n.e.registry.AbstractInstanceRegistry  : Running the evict task with compensationTime 0ms
2026-06-22T18:43:35.589+05:30  INFO 19464 --- [discovery-server] [a-EvictionTimer] c.n.e.registry.AbstractInstanceRegistry  : Running the evict task with compensationTime 0ms
2026-06-22T18:44:34.830+05:30  INFO 19464 --- [discovery-server] [hresholdUpdater] c.n.e.r.PeerAwareInstanceRegistryImpl    : Current renewal threshold is : 17
2026-06-22T18:44:35.590+05:30  INFO 19464 --- [discovery-server] [a-EvictionTimer] c.n.e.registry.AbstractInstanceRegistry  : Running the evict task with compensationTime 1ms
2026-06-22T18:45:35.591+05:30  INFO 19464 --- [discovery-server] [a-EvictionTimer] c.n.e.registry.AbstractInstanceRegistry  : Running the evict task with compensationTime 0ms
2026-06-22T18:46:35.591+05:30  INFO 19464 --- [discovery-server] [a-EvictionTimer] c.n.e.registry.AbstractInstanceRegistry  : Running the evict task with compensationTime 0ms
2026-06-22T18:47:35.592+05:30  INFO 19464 --- [discovery-server] [a-EvictionTimer] c.n.e.registry.AbstractInstanceRegistry  : Running the evict task with compensationTime 0ms
2026-06-22T18:48:35.593+05:30  INFO 19464 --- [discovery-server] [a-EvictionTimer] c.n.e.registry.AbstractInstanceRegistry  : Running the evict task with compensationTime 1ms
2026-06-22T18:49:35.593+05:30  INFO 19464 --- [discovery-server] [a-EvictionTimer] c.n.e.registry.AbstractInstanceRegistry  : Running the evict task with compensationTime 0ms
2026-06-22T18:50:35.594+05:30  INFO 19464 --- [discovery-server] [a-EvictionTimer] c.n.e.registry.AbstractInstanceRegistry  : Running the evict task with compensationTime 0ms
2026-06-22T18:51:35.595+05:30  INFO 19464 --- [discovery-server] [a-EvictionTimer] c.n.e.registry.AbstractInstanceRegistry  : Running the evict task with compensationTime 0ms
2026-06-22T18:52:35.595+05:30  INFO 19464 --- [discovery-server] [a-EvictionTimer] c.n.e.registry.AbstractInstanceRegistry  : Running the evict task with compensationTime 0ms
2026-06-22T18:53:35.596+05:30  INFO 19464 --- [discovery-server] [a-EvictionTimer] c.n.e.registry.AbstractInstanceRegistry  : Running the evict task with compensationTime 1ms
2026-06-22T18:54:35.597+05:30  INFO 19464 --- [discovery-server] [a-EvictionTimer] c.n.e.registry.AbstractInstanceRegistry  : Running the evict task with compensationTime 0ms
2026-06-22T18:55:35.597+05:30  INFO 19464 --- [discovery-server] [a-EvictionTimer] c.n.e.registry.AbstractInstanceRegistry  : Running the evict task with compensationTime 0ms
2026-06-22T18:56:35.597+05:30  INFO 19464 --- [discovery-server] [a-EvictionTimer] c.n.e.registry.AbstractInstanceRegistry  : Running the evict task with compensationTime 0ms
2026-06-22T18:57:35.597+05:30  INFO 19464 --- [discovery-server] [a-EvictionTimer] c.n.e.registry.AbstractInstanceRegistry  : Running the evict task with compensationTime 0ms
2026-06-22T18:58:35.597+05:30  INFO 19464 --- [discovery-server] [a-EvictionTimer] c.n.e.registry.AbstractInstanceRegistry  : Running the evict task with compensationTime 0ms
2026-06-22T18:59:34.833+05:30  INFO 19464 --- [discovery-server] [hresholdUpdater] c.n.e.r.PeerAwareInstanceRegistryImpl    : Current renewal threshold is : 17
2026-06-22T18:59:35.598+05:30  INFO 19464 --- [discovery-server] [a-EvictionTimer] c.n.e.registry.AbstractInstanceRegistry  : Running the evict task with compensationTime 0ms
2026-06-22T19:00:35.598+05:30  INFO 19464 --- [discovery-server] [a-EvictionTimer] c.n.e.registry.AbstractInstanceRegistry  : Running the evict task with compensationTime 0ms
2026-06-22T19:01:35.599+05:30  INFO 19464 --- [discovery-server] [a-EvictionTimer] c.n.e.registry.AbstractInstanceRegistry  : Running the evict task with compensationTime 0ms
2026-06-22T19:02:35.599+05:30  INFO 19464 --- [discovery-server] [a-EvictionTimer] c.n.e.registry.AbstractInstanceRegistry  : Running the evict task with compensationTime 0ms
2026-06-22T19:03:35.600+05:30  INFO 19464 --- [discovery-server] [a-EvictionTimer] c.n.e.registry.AbstractInstanceRegistry  : Running the evict task with compensationTime 1ms
2026-06-22T19:04:35.601+05:30  INFO 19464 --- [discovery-server] [a-EvictionTimer] c.n.e.registry.AbstractInstanceRegistry  : Running the evict task with compensationTime 0ms
2026-06-22T19:05:35.602+05:30  INFO 19464 --- [discovery-server] [a-EvictionTimer] c.n.e.registry.AbstractInstanceRegistry  : Running the evict task with compensationTime 1ms
2026-06-22T19:06:35.603+05:30  INFO 19464 --- [discovery-server] [a-EvictionTimer] c.n.e.registry.AbstractInstanceRegistry  : Running the evict task with compensationTime 1ms
2026-06-22T19:07:35.604+05:30  INFO 19464 --- [discovery-server] [a-EvictionTimer] c.n.e.registry.AbstractInstanceRegistry  : Running the evict task with compensationTime 1ms
2026-06-22T19:08:35.604+05:30  INFO 19464 --- [discovery-server] [a-EvictionTimer] c.n.e.registry.AbstractInstanceRegistry  : Running the evict task with compensationTime 0ms
2026-06-22T19:09:35.606+05:30  INFO 19464 --- [discovery-server] [a-EvictionTimer] c.n.e.registry.AbstractInstanceRegistry  : Running the evict task with compensationTime 1ms
2026-06-22T19:10:35.606+05:30  INFO 19464 --- [discovery-server] [a-EvictionTimer] c.n.e.registry.AbstractInstanceRegistry  : Running the evict task with compensationTime 0ms
2026-06-22T19:11:35.607+05:30  INFO 19464 --- [discovery-server] [a-EvictionTimer] c.n.e.registry.AbstractInstanceRegistry  : Running the evict task with compensationTime 0ms
2026-06-22T19:12:35.607+05:30  INFO 19464 --- [discovery-server] [a-EvictionTimer] c.n.e.registry.AbstractInstanceRegistry  : Running the evict task with compensationTime 0ms
2026-06-22T19:13:35.607+05:30  INFO 19464 --- [discovery-server] [a-EvictionTimer] c.n.e.registry.AbstractInstanceRegistry  : Running the evict task with compensationTime 0ms
2026-06-22T19:14:34.808+05:30  INFO 19464 --- [discovery-server] [hresholdUpdater] c.n.e.r.PeerAwareInstanceRegistryImpl    : Current renewal threshold is : 17
2026-06-22T19:14:35.608+05:30  INFO 19464 --- [discovery-server] [a-EvictionTimer] c.n.e.registry.AbstractInstanceRegistry  : Running the evict task with compensationTime 0ms
2026-06-22T19:15:35.609+05:30  INFO 19464 --- [discovery-server] [a-EvictionTimer] c.n.e.registry.AbstractInstanceRegistry  : Running the evict task with compensationTime 0ms
2026-06-22T19:16:35.609+05:30  INFO 19464 --- [discovery-server] [a-EvictionTimer] c.n.e.registry.AbstractInstanceRegistry  : Running the evict task with compensationTime 0ms
2026-06-22T19:17:35.609+05:30  INFO 19464 --- [discovery-server] [a-EvictionTimer] c.n.e.registry.AbstractInstanceRegistry  : Running the evict task with compensationTime 0ms
2026-06-22T19:18:35.610+05:30  INFO 19464 --- [discovery-server] [a-EvictionTimer] c.n.e.registry.AbstractInstanceRegistry  : Running the evict task with compensationTime 0ms
2026-06-22T19:19:35.610+05:30  INFO 19464 --- [discovery-server] [a-EvictionTimer] c.n.e.registry.AbstractInstanceRegistry  : Running the evict task with compensationTime 0ms
2026-06-22T19:20:35.610+05:30  INFO 19464 --- [discovery-server] [a-EvictionTimer] c.n.e.registry.AbstractInstanceRegistry  : Running the evict task with compensationTime 0ms
2026-06-22T19:21:35.611+05:30  INFO 19464 --- [discovery-server] [a-EvictionTimer] c.n.e.registry.AbstractInstanceRegistry  : Running the evict task with compensationTime 0ms
2026-06-22T19:22:35.612+05:30  INFO 19464 --- [discovery-server] [a-EvictionTimer] c.n.e.registry.AbstractInstanceRegistry  : Running the evict task with compensationTime 0ms
2026-06-22T19:23:35.613+05:30  INFO 19464 --- [discovery-server] [a-EvictionTimer] c.n.e.registry.AbstractInstanceRegistry  : Running the evict task with compensationTime 1ms
2026-06-22T19:24:35.614+05:30  INFO 19464 --- [discovery-server] [a-EvictionTimer] c.n.e.registry.AbstractInstanceRegistry  : Running the evict task with compensationTime 0ms
2026-06-22T19:25:35.614+05:30  INFO 19464 --- [discovery-server] [a-EvictionTimer] c.n.e.registry.AbstractInstanceRegistry  : Running the evict task with compensationTime 0ms
2026-06-22T19:26:35.615+05:30  INFO 19464 --- [discovery-server] [a-EvictionTimer] c.n.e.registry.AbstractInstanceRegistry  : Running the evict task with compensationTime 0ms
2026-06-22T19:27:35.616+05:30  INFO 19464 --- [discovery-server] [a-EvictionTimer] c.n.e.registry.AbstractInstanceRegistry  : Running the evict task with compensationTime 1ms
2026-06-22T19:28:35.616+05:30  INFO 19464 --- [discovery-server] [a-EvictionTimer] c.n.e.registry.AbstractInstanceRegistry  : Running the evict task with compensationTime 0ms
2026-06-22T19:29:34.811+05:30  INFO 19464 --- [discovery-server] [hresholdUpdater] c.n.e.r.PeerAwareInstanceRegistryImpl    : Current renewal threshold is : 17
2026-06-22T19:29:35.616+05:30  INFO 19464 --- [discovery-server] [a-EvictionTimer] c.n.e.registry.AbstractInstanceRegistry  : Running the evict task with compensationTime 0ms
2026-06-22T19:30:35.617+05:30  INFO 19464 --- [discovery-server] [a-EvictionTimer] c.n.e.registry.AbstractInstanceRegistry  : Running the evict task with compensationTime 0ms
2026-06-22T19:31:35.617+05:30  INFO 19464 --- [discovery-server] [a-EvictionTimer] c.n.e.registry.AbstractInstanceRegistry  : Running the evict task with compensationTime 0ms
2026-06-22T19:32:35.617+05:30  INFO 19464 --- [discovery-server] [a-EvictionTimer] c.n.e.registry.AbstractInstanceRegistry  : Running the evict task with compensationTime 0ms
2026-06-22T19:33:35.618+05:30  INFO 19464 --- [discovery-server] [a-EvictionTimer] c.n.e.registry.AbstractInstanceRegistry  : Running the evict task with compensationTime 0ms
2026-06-22T19:34:35.618+05:30  INFO 19464 --- [discovery-server] [a-EvictionTimer] c.n.e.registry.AbstractInstanceRegistry  : Running the evict task with compensationTime 0ms
2026-06-22T19:35:35.618+05:30  INFO 19464 --- [discovery-server] [a-EvictionTimer] c.n.e.registry.AbstractInstanceRegistry  : Running the evict task with compensationTime 0ms
2026-06-22T19:36:35.619+05:30  INFO 19464 --- [discovery-server] [a-EvictionTimer] c.n.e.registry.AbstractInstanceRegistry  : Running the evict task with compensationTime 0ms
2026-06-22T19:37:35.619+05:30  INFO 19464 --- [discovery-server] [a-EvictionTimer] c.n.e.registry.AbstractInstanceRegistry  : Running the evict task with compensationTime 0ms
2026-06-22T19:38:35.620+05:30  INFO 19464 --- [discovery-server] [a-EvictionTimer] c.n.e.registry.AbstractInstanceRegistry  : Running the evict task with compensationTime 0ms
2026-06-22T19:39:35.620+05:30  INFO 19464 --- [discovery-server] [a-EvictionTimer] c.n.e.registry.AbstractInstanceRegistry  : Running the evict task with compensationTime 0ms
2026-06-22T19:40:35.621+05:30  INFO 19464 --- [discovery-server] [a-EvictionTimer] c.n.e.registry.AbstractInstanceRegistry  : Running the evict task with compensationTime 0ms
2026-06-22T19:41:35.621+05:30  INFO 19464 --- [discovery-server] [a-EvictionTimer] c.n.e.registry.AbstractInstanceRegistry  : Running the evict task with compensationTime 0ms
2026-06-22T19:42:35.622+05:30  INFO 19464 --- [discovery-server] [a-EvictionTimer] c.n.e.registry.AbstractInstanceRegistry  : Running the evict task with compensationTime 0ms
2026-06-22T19:43:35.622+05:30  INFO 19464 --- [discovery-server] [a-EvictionTimer] c.n.e.registry.AbstractInstanceRegistry  : Running the evict task with compensationTime 0ms
2026-06-22T19:44:34.818+05:30  INFO 19464 --- [discovery-server] [hresholdUpdater] c.n.e.r.PeerAwareInstanceRegistryImpl    : Current renewal threshold is : 17
2026-06-22T19:44:35.622+05:30  INFO 19464 --- [discovery-server] [a-EvictionTimer] c.n.e.registry.AbstractInstanceRegistry  : Running the evict task with compensationTime 0ms
2026-06-22T19:45:35.622+05:30  INFO 19464 --- [discovery-server] [a-EvictionTimer] c.n.e.registry.AbstractInstanceRegistry  : Running the evict task with compensationTime 0ms
2026-06-22T19:46:35.623+05:30  INFO 19464 --- [discovery-server] [a-EvictionTimer] c.n.e.registry.AbstractInstanceRegistry  : Running the evict task with compensationTime 0ms
2026-06-22T19:47:35.624+05:30  INFO 19464 --- [discovery-server] [a-EvictionTimer] c.n.e.registry.AbstractInstanceRegistry  : Running the evict task with compensationTime 0ms
2026-06-22T19:48:35.624+05:30  INFO 19464 --- [discovery-server] [a-EvictionTimer] c.n.e.registry.AbstractInstanceRegistry  : Running the evict task with compensationTime 1ms
2026-06-22T19:49:35.625+05:30  INFO 19464 --- [discovery-server] [a-EvictionTimer] c.n.e.registry.AbstractInstanceRegistry  : Running the evict task with compensationTime 0ms
2026-06-22T19:50:35.625+05:30  INFO 19464 --- [discovery-server] [a-EvictionTimer] c.n.e.registry.AbstractInstanceRegistry  : Running the evict task with compensationTime 0ms
2026-06-22T19:51:35.631+05:30  INFO 19464 --- [discovery-server] [a-EvictionTimer] c.n.e.registry.AbstractInstanceRegistry  : Running the evict task with compensationTime 6ms
2026-06-22T19:52:35.642+05:30  INFO 19464 --- [discovery-server] [a-EvictionTimer] c.n.e.registry.AbstractInstanceRegistry  : Running the evict task with compensationTime 11ms
2026-06-22T19:53:35.644+05:30  INFO 19464 --- [discovery-server] [a-EvictionTimer] c.n.e.registry.AbstractInstanceRegistry  : Running the evict task with compensationTime 2ms
2026-06-22T19:54:35.655+05:30  INFO 19464 --- [discovery-server] [a-EvictionTimer] c.n.e.registry.AbstractInstanceRegistry  : Running the evict task with compensationTime 10ms
2026-06-22T19:55:35.668+05:30  INFO 19464 --- [discovery-server] [a-EvictionTimer] c.n.e.registry.AbstractInstanceRegistry  : Running the evict task with compensationTime 13ms
2026-06-22T19:56:35.683+05:30  INFO 19464 --- [discovery-server] [a-EvictionTimer] c.n.e.registry.AbstractInstanceRegistry  : Running the evict task with compensationTime 14ms
2026-06-22T19:57:35.695+05:30  INFO 19464 --- [discovery-server] [a-EvictionTimer] c.n.e.registry.AbstractInstanceRegistry  : Running the evict task with compensationTime 11ms
2026-06-22T19:58:35.709+05:30  INFO 19464 --- [discovery-server] [a-EvictionTimer] c.n.e.registry.AbstractInstanceRegistry  : Running the evict task with compensationTime 13ms
2026-06-22T19:59:34.810+05:30  INFO 19464 --- [discovery-server] [hresholdUpdater] c.n.e.r.PeerAwareInstanceRegistryImpl    : Current renewal threshold is : 17
2026-06-22T19:59:35.713+05:30  INFO 19464 --- [discovery-server] [a-EvictionTimer] c.n.e.registry.AbstractInstanceRegistry  : Running the evict task with compensationTime 4ms
2026-06-22T20:00:35.724+05:30  INFO 19464 --- [discovery-server] [a-EvictionTimer] c.n.e.registry.AbstractInstanceRegistry  : Running the evict task with compensationTime 11ms
2026-06-22T20:01:35.737+05:30  INFO 19464 --- [discovery-server] [a-EvictionTimer] c.n.e.registry.AbstractInstanceRegistry  : Running the evict task with compensationTime 12ms
2026-06-22T20:02:35.741+05:30  INFO 19464 --- [discovery-server] [a-EvictionTimer] c.n.e.registry.AbstractInstanceRegistry  : Running the evict task with compensationTime 4ms
2026-06-22T20:03:35.748+05:30  INFO 19464 --- [discovery-server] [a-EvictionTimer] c.n.e.registry.AbstractInstanceRegistry  : Running the evict task with compensationTime 6ms
2026-06-22T20:04:35.750+05:30  INFO 19464 --- [discovery-server] [a-EvictionTimer] c.n.e.registry.AbstractInstanceRegistry  : Running the evict task with compensationTime 2ms
2026-06-22T20:05:35.751+05:30  INFO 19464 --- [discovery-server] [a-EvictionTimer] c.n.e.registry.AbstractInstanceRegistry  : Running the evict task with compensationTime 0ms
2026-06-22T20:06:35.764+05:30  INFO 19464 --- [discovery-server] [a-EvictionTimer] c.n.e.registry.AbstractInstanceRegistry  : Running the evict task with compensationTime 12ms
2026-06-22T20:07:35.777+05:30  INFO 19464 --- [discovery-server] [a-EvictionTimer] c.n.e.registry.AbstractInstanceRegistry  : Running the evict task with compensationTime 12ms
2026-06-22T20:08:35.777+05:30  INFO 19464 --- [discovery-server] [a-EvictionTimer] c.n.e.registry.AbstractInstanceRegistry  : Running the evict task with compensationTime 0ms
2026-06-22T20:09:35.786+05:30  INFO 19464 --- [discovery-server] [a-EvictionTimer] c.n.e.registry.AbstractInstanceRegistry  : Running the evict task with compensationTime 8ms
2026-06-22T20:10:35.797+05:30  INFO 19464 --- [discovery-server] [a-EvictionTimer] c.n.e.registry.AbstractInstanceRegistry  : Running the evict task with compensationTime 10ms
2026-06-22T20:11:35.802+05:30  INFO 19464 --- [discovery-server] [a-EvictionTimer] c.n.e.registry.AbstractInstanceRegistry  : Running the evict task with compensationTime 5ms
2026-06-22T20:12:35.813+05:30  INFO 19464 --- [discovery-server] [a-EvictionTimer] c.n.e.registry.AbstractInstanceRegistry  : Running the evict task with compensationTime 11ms
2026-06-22T20:13:35.824+05:30  INFO 19464 --- [discovery-server] [a-EvictionTimer] c.n.e.registry.AbstractInstanceRegistry  : Running the evict task with compensationTime 10ms
2026-06-22T20:14:34.825+05:30  INFO 19464 --- [discovery-server] [hresholdUpdater] c.n.e.r.PeerAwareInstanceRegistryImpl    : Current renewal threshold is : 17
2026-06-22T20:14:35.831+05:30  INFO 19464 --- [discovery-server] [a-EvictionTimer] c.n.e.registry.AbstractInstanceRegistry  : Running the evict task with compensationTime 6ms
2026-06-22T20:15:35.844+05:30  INFO 19464 --- [discovery-server] [a-EvictionTimer] c.n.e.registry.AbstractInstanceRegistry  : Running the evict task with compensationTime 12ms
2026-06-22T20:16:35.850+05:30  INFO 19464 --- [discovery-server] [a-EvictionTimer] c.n.e.registry.AbstractInstanceRegistry  : Running the evict task with compensationTime 6ms
2026-06-22T20:17:35.865+05:30  INFO 19464 --- [discovery-server] [a-EvictionTimer] c.n.e.registry.AbstractInstanceRegistry  : Running the evict task with compensationTime 14ms
2026-06-22T20:18:35.866+05:30  INFO 19464 --- [discovery-server] [a-EvictionTimer] c.n.e.registry.AbstractInstanceRegistry  : Running the evict task with compensationTime 0ms
2026-06-22T20:19:35.874+05:30  INFO 19464 --- [discovery-server] [a-EvictionTimer] c.n.e.registry.AbstractInstanceRegistry  : Running the evict task with compensationTime 8ms
2026-06-22T20:20:35.885+05:30  INFO 19464 --- [discovery-server] [a-EvictionTimer] c.n.e.registry.AbstractInstanceRegistry  : Running the evict task with compensationTime 10ms
2026-06-22T20:21:35.900+05:30  INFO 19464 --- [discovery-server] [a-EvictionTimer] c.n.e.registry.AbstractInstanceRegistry  : Running the evict task with compensationTime 15ms
2026-06-22T20:22:35.914+05:30  INFO 19464 --- [discovery-server] [a-EvictionTimer] c.n.e.registry.AbstractInstanceRegistry  : Running the evict task with compensationTime 13ms
2026-06-22T20:25:04.356+05:30  INFO 19464 --- [discovery-server] [a-EvictionTimer] c.n.e.registry.AbstractInstanceRegistry  : Running the evict task with compensationTime 88517ms
2026-06-22T20:26:04.357+05:30  INFO 19464 --- [discovery-server] [a-EvictionTimer] c.n.e.registry.AbstractInstanceRegistry  : Running the evict task with compensationTime 0ms
2026-06-22T20:27:04.369+05:30  INFO 19464 --- [discovery-server] [a-EvictionTimer] c.n.e.registry.AbstractInstanceRegistry  : Running the evict task with compensationTime 12ms
2026-06-22T20:28:04.383+05:30  INFO 19464 --- [discovery-server] [a-EvictionTimer] c.n.e.registry.AbstractInstanceRegistry  : Running the evict task with compensationTime 13ms
2026-06-22T20:29:04.387+05:30  INFO 19464 --- [discovery-server] [a-EvictionTimer] c.n.e.registry.AbstractInstanceRegistry  : Running the evict task with compensationTime 3ms
2026-06-22T20:30:04.398+05:30  INFO 19464 --- [discovery-server] [a-EvictionTimer] c.n.e.registry.AbstractInstanceRegistry  : Running the evict task with compensationTime 11ms
2026-06-22T20:31:03.256+05:30  INFO 19464 --- [discovery-server] [hresholdUpdater] c.n.e.r.PeerAwareInstanceRegistryImpl    : Current renewal threshold is : 17
2026-06-22T20:31:04.409+05:30  INFO 19464 --- [discovery-server] [a-EvictionTimer] c.n.e.registry.AbstractInstanceRegistry  : Running the evict task with compensationTime 11ms
2026-06-22T20:32:04.416+05:30  INFO 19464 --- [discovery-server] [a-EvictionTimer] c.n.e.registry.AbstractInstanceRegistry  : Running the evict task with compensationTime 6ms
2026-06-22T20:33:04.420+05:30  INFO 19464 --- [discovery-server] [a-EvictionTimer] c.n.e.registry.AbstractInstanceRegistry  : Running the evict task with compensationTime 4ms
2026-06-22T20:34:04.434+05:30  INFO 19464 --- [discovery-server] [a-EvictionTimer] c.n.e.registry.AbstractInstanceRegistry  : Running the evict task with compensationTime 13ms
2026-06-22T20:35:07.207+05:30  INFO 19464 --- [discovery-server] [a-EvictionTimer] c.n.e.registry.AbstractInstanceRegistry  : Running the evict task with compensationTime 0ms
2026-06-22T20:36:07.220+05:30  INFO 19464 --- [discovery-server] [a-EvictionTimer] c.n.e.registry.AbstractInstanceRegistry  : Running the evict task with compensationTime 12ms
2026-06-22T20:37:07.232+05:30  INFO 19464 --- [discovery-server] [a-EvictionTimer] c.n.e.registry.AbstractInstanceRegistry  : Running the evict task with compensationTime 11ms
2026-06-22T20:38:07.244+05:30  INFO 19464 --- [discovery-server] [a-EvictionTimer] c.n.e.registry.AbstractInstanceRegistry  : Running the evict task with compensationTime 11ms
2026-06-22T20:39:07.245+05:30  INFO 19464 --- [discovery-server] [a-EvictionTimer] c.n.e.registry.AbstractInstanceRegistry  : Running the evict task with compensationTime 0ms
2026-06-22T20:40:07.250+05:30  INFO 19464 --- [discovery-server] [a-EvictionTimer] c.n.e.registry.AbstractInstanceRegistry  : Running the evict task with compensationTime 4ms
2026-06-22T20:41:07.254+05:30  INFO 19464 --- [discovery-server] [a-EvictionTimer] c.n.e.registry.AbstractInstanceRegistry  : Running the evict task with compensationTime 4ms
2026-06-22T20:52:38.882+05:30  INFO 19464 --- [discovery-server] [a-EvictionTimer] c.n.e.registry.AbstractInstanceRegistry  : Running the evict task with compensationTime 631703ms
2026-06-22T20:53:38.883+05:30  INFO 19464 --- [discovery-server] [a-EvictionTimer] c.n.e.registry.AbstractInstanceRegistry  : Running the evict task with compensationTime 0ms
2026-06-22T20:54:38.886+05:30  INFO 19464 --- [discovery-server] [a-EvictionTimer] c.n.e.registry.AbstractInstanceRegistry  : Running the evict task with compensationTime 3ms
2026-06-22T20:55:38.890+05:30  INFO 19464 --- [discovery-server] [a-EvictionTimer] c.n.e.registry.AbstractInstanceRegistry  : Running the evict task with compensationTime 3ms
2026-06-22T20:56:37.671+05:30  INFO 19464 --- [discovery-server] [hresholdUpdater] c.n.e.r.PeerAwareInstanceRegistryImpl    : Current renewal threshold is : 17
2026-06-22T20:56:38.901+05:30  INFO 19464 --- [discovery-server] [a-EvictionTimer] c.n.e.registry.AbstractInstanceRegistry  : Running the evict task with compensationTime 11ms
2026-06-22T20:57:38.903+05:30  INFO 19464 --- [discovery-server] [a-EvictionTimer] c.n.e.registry.AbstractInstanceRegistry  : Running the evict task with compensationTime 1ms
2026-06-22T20:58:38.905+05:30  INFO 19464 --- [discovery-server] [a-EvictionTimer] c.n.e.registry.AbstractInstanceRegistry  : Running the evict task with compensationTime 2ms
2026-06-22T20:59:38.917+05:30  INFO 19464 --- [discovery-server] [a-EvictionTimer] c.n.e.registry.AbstractInstanceRegistry  : Running the evict task with compensationTime 11ms
2026-06-22T21:00:38.917+05:30  INFO 19464 --- [discovery-server] [a-EvictionTimer] c.n.e.registry.AbstractInstanceRegistry  : Running the evict task with compensationTime 0ms
2026-06-22T21:01:38.927+05:30  INFO 19464 --- [discovery-server] [a-EvictionTimer] c.n.e.registry.AbstractInstanceRegistry  : Running the evict task with compensationTime 9ms
2026-06-22T21:02:38.936+05:30  INFO 19464 --- [discovery-server] [a-EvictionTimer] c.n.e.registry.AbstractInstanceRegistry  : Running the evict task with compensationTime 9ms
2026-06-22T21:03:38.945+05:30  INFO 19464 --- [discovery-server] [a-EvictionTimer] c.n.e.registry.AbstractInstanceRegistry  : Running the evict task with compensationTime 8ms
2026-06-22T21:04:38.948+05:30  INFO 19464 --- [discovery-server] [a-EvictionTimer] c.n.e.registry.AbstractInstanceRegistry  : Running the evict task with compensationTime 3ms
2026-06-22T21:05:38.949+05:30  INFO 19464 --- [discovery-server] [a-EvictionTimer] c.n.e.registry.AbstractInstanceRegistry  : Running the evict task with compensationTime 0ms
2026-06-22T21:06:38.954+05:30  INFO 19464 --- [discovery-server] [a-EvictionTimer] c.n.e.registry.AbstractInstanceRegistry  : Running the evict task with compensationTime 5ms
2026-06-22T21:07:38.964+05:30  INFO 19464 --- [discovery-server] [a-EvictionTimer] c.n.e.registry.AbstractInstanceRegistry  : Running the evict task with compensationTime 9ms
2026-06-22T21:08:38.980+05:30  INFO 19464 --- [discovery-server] [a-EvictionTimer] c.n.e.registry.AbstractInstanceRegistry  : Running the evict task with compensationTime 16ms
2026-06-22T21:09:38.989+05:30  INFO 19464 --- [discovery-server] [a-EvictionTimer] c.n.e.registry.AbstractInstanceRegistry  : Running the evict task with compensationTime 8ms
2026-06-22T21:10:39.001+05:30  INFO 19464 --- [discovery-server] [a-EvictionTimer] c.n.e.registry.AbstractInstanceRegistry  : Running the evict task with compensationTime 12ms
2026-06-22T21:11:37.663+05:30  INFO 19464 --- [discovery-server] [hresholdUpdater] c.n.e.r.PeerAwareInstanceRegistryImpl    : Current renewal threshold is : 17
2026-06-22T21:11:39.003+05:30  INFO 19464 --- [discovery-server] [a-EvictionTimer] c.n.e.registry.AbstractInstanceRegistry  : Running the evict task with compensationTime 1ms
2026-06-22T21:12:39.013+05:30  INFO 19464 --- [discovery-server] [a-EvictionTimer] c.n.e.registry.AbstractInstanceRegistry  : Running the evict task with compensationTime 10ms
2026-06-22T21:13:39.026+05:30  INFO 19464 --- [discovery-server] [a-EvictionTimer] c.n.e.registry.AbstractInstanceRegistry  : Running the evict task with compensationTime 13ms
2026-06-22T21:14:39.027+05:30  INFO 19464 --- [discovery-server] [a-EvictionTimer] c.n.e.registry.AbstractInstanceRegistry  : Running the evict task with compensationTime 0ms
2026-06-22T21:15:39.028+05:30  INFO 19464 --- [discovery-server] [a-EvictionTimer] c.n.e.registry.AbstractInstanceRegistry  : Running the evict task with compensationTime 0ms
2026-06-22T21:16:39.043+05:30  INFO 19464 --- [discovery-server] [a-EvictionTimer] c.n.e.registry.AbstractInstanceRegistry  : Running the evict task with compensationTime 15ms
2026-06-22T21:17:39.045+05:30  INFO 19464 --- [discovery-server] [a-EvictionTimer] c.n.e.registry.AbstractInstanceRegistry  : Running the evict task with compensationTime 1ms
2026-06-22T21:18:39.045+05:30  INFO 19464 --- [discovery-server] [a-EvictionTimer] c.n.e.registry.AbstractInstanceRegistry  : Running the evict task with compensationTime 0ms
2026-06-22T21:19:39.048+05:30  INFO 19464 --- [discovery-server] [a-EvictionTimer] c.n.e.registry.AbstractInstanceRegistry  : Running the evict task with compensationTime 3ms
2026-06-22T21:20:39.056+05:30  INFO 19464 --- [discovery-server] [a-EvictionTimer] c.n.e.registry.AbstractInstanceRegistry  : Running the evict task with compensationTime 8ms
2026-06-22T21:21:39.060+05:30  INFO 19464 --- [discovery-server] [a-EvictionTimer] c.n.e.registry.AbstractInstanceRegistry  : Running the evict task with compensationTime 4ms
2026-06-22T21:22:39.071+05:30  INFO 19464 --- [discovery-server] [a-EvictionTimer] c.n.e.registry.AbstractInstanceRegistry  : Running the evict task with compensationTime 10ms
2026-06-22T21:23:39.072+05:30  INFO 19464 --- [discovery-server] [a-EvictionTimer] c.n.e.registry.AbstractInstanceRegistry  : Running the evict task with compensationTime 0ms
2026-06-22T21:24:39.081+05:30  INFO 19464 --- [discovery-server] [a-EvictionTimer] c.n.e.registry.AbstractInstanceRegistry  : Running the evict task with compensationTime 9ms
2026-06-22T21:25:39.081+05:30  INFO 19464 --- [discovery-server] [a-EvictionTimer] c.n.e.registry.AbstractInstanceRegistry  : Running the evict task with compensationTime 0ms
2026-06-22T21:26:37.704+05:30  INFO 19464 --- [discovery-server] [hresholdUpdater] c.n.e.r.PeerAwareInstanceRegistryImpl    : Current renewal threshold is : 17
2026-06-22T21:26:39.081+05:30  INFO 19464 --- [discovery-server] [a-EvictionTimer] c.n.e.registry.AbstractInstanceRegistry  : Running the evict task with compensationTime 0ms
2026-06-22T21:27:39.086+05:30  INFO 19464 --- [discovery-server] [a-EvictionTimer] c.n.e.registry.AbstractInstanceRegistry  : Running the evict task with compensationTime 5ms
2026-06-22T21:28:39.093+05:30  INFO 19464 --- [discovery-server] [a-EvictionTimer] c.n.e.registry.AbstractInstanceRegistry  : Running the evict task with compensationTime 6ms
2026-06-22T21:29:39.104+05:30  INFO 19464 --- [discovery-server] [a-EvictionTimer] c.n.e.registry.AbstractInstanceRegistry  : Running the evict task with compensationTime 11ms
2026-06-22T21:30:39.108+05:30  INFO 19464 --- [discovery-server] [a-EvictionTimer] c.n.e.registry.AbstractInstanceRegistry  : Running the evict task with compensationTime 3ms
2026-06-22T21:31:39.116+05:30  INFO 19464 --- [discovery-server] [a-EvictionTimer] c.n.e.registry.AbstractInstanceRegistry  : Running the evict task with compensationTime 7ms
2026-06-22T21:32:39.122+05:30  INFO 19464 --- [discovery-server] [a-EvictionTimer] c.n.e.registry.AbstractInstanceRegistry  : Running the evict task with compensationTime 6ms
2026-06-22T21:33:39.127+05:30  INFO 19464 --- [discovery-server] [a-EvictionTimer] c.n.e.registry.AbstractInstanceRegistry  : Running the evict task with compensationTime 5ms
2026-06-22T21:34:39.135+05:30  INFO 19464 --- [discovery-server] [a-EvictionTimer] c.n.e.registry.AbstractInstanceRegistry  : Running the evict task with compensationTime 8ms
2026-06-22T21:35:39.147+05:30  INFO 19464 --- [discovery-server] [a-EvictionTimer] c.n.e.registry.AbstractInstanceRegistry  : Running the evict task with compensationTime 11ms
2026-06-22T21:36:39.155+05:30  INFO 19464 --- [discovery-server] [a-EvictionTimer] c.n.e.registry.AbstractInstanceRegistry  : Running the evict task with compensationTime 8ms
2026-06-22T21:37:39.155+05:30  INFO 19464 --- [discovery-server] [a-EvictionTimer] c.n.e.registry.AbstractInstanceRegistry  : Running the evict task with compensationTime 0ms
2026-06-22T21:38:39.158+05:30  INFO 19464 --- [discovery-server] [a-EvictionTimer] c.n.e.registry.AbstractInstanceRegistry  : Running the evict task with compensationTime 2ms
2026-06-22T21:39:39.167+05:30  INFO 19464 --- [discovery-server] [a-EvictionTimer] c.n.e.registry.AbstractInstanceRegistry  : Running the evict task with compensationTime 9ms
2026-06-22T21:40:39.172+05:30  INFO 19464 --- [discovery-server] [a-EvictionTimer] c.n.e.registry.AbstractInstanceRegistry  : Running the evict task with compensationTime 5ms
2026-06-22T21:41:37.717+05:30  INFO 19464 --- [discovery-server] [hresholdUpdater] c.n.e.r.PeerAwareInstanceRegistryImpl    : Current renewal threshold is : 17
2026-06-22T21:41:39.175+05:30  INFO 19464 --- [discovery-server] [a-EvictionTimer] c.n.e.registry.AbstractInstanceRegistry  : Running the evict task with compensationTime 3ms
2026-06-22T21:42:39.186+05:30  INFO 19464 --- [discovery-server] [a-EvictionTimer] c.n.e.registry.AbstractInstanceRegistry  : Running the evict task with compensationTime 10ms
2026-06-22T21:43:39.195+05:30  INFO 19464 --- [discovery-server] [a-EvictionTimer] c.n.e.registry.AbstractInstanceRegistry  : Running the evict task with compensationTime 9ms
2026-06-22T21:44:39.205+05:30  INFO 19464 --- [discovery-server] [a-EvictionTimer] c.n.e.registry.AbstractInstanceRegistry  : Running the evict task with compensationTime 9ms
2026-06-22T21:45:39.221+05:30  INFO 19464 --- [discovery-server] [a-EvictionTimer] c.n.e.registry.AbstractInstanceRegistry  : Running the evict task with compensationTime 16ms
2026-06-22T21:46:39.224+05:30  INFO 19464 --- [discovery-server] [a-EvictionTimer] c.n.e.registry.AbstractInstanceRegistry  : Running the evict task with compensationTime 3ms
2026-06-22T21:47:39.231+05:30  INFO 19464 --- [discovery-server] [a-EvictionTimer] c.n.e.registry.AbstractInstanceRegistry  : Running the evict task with compensationTime 6ms
2026-06-22T21:48:39.233+05:30  INFO 19464 --- [discovery-server] [a-EvictionTimer] c.n.e.registry.AbstractInstanceRegistry  : Running the evict task with compensationTime 1ms
2026-06-22T21:49:39.242+05:30  INFO 19464 --- [discovery-server] [a-EvictionTimer] c.n.e.registry.AbstractInstanceRegistry  : Running the evict task with compensationTime 9ms
2026-06-22T21:50:39.243+05:30  INFO 19464 --- [discovery-server] [a-EvictionTimer] c.n.e.registry.AbstractInstanceRegistry  : Running the evict task with compensationTime 0ms
2026-06-22T21:51:39.245+05:30  INFO 19464 --- [discovery-server] [a-EvictionTimer] c.n.e.registry.AbstractInstanceRegistry  : Running the evict task with compensationTime 2ms
2026-06-22T21:52:39.256+05:30  INFO 19464 --- [discovery-server] [a-EvictionTimer] c.n.e.registry.AbstractInstanceRegistry  : Running the evict task with compensationTime 11ms
2026-06-22T21:53:39.260+05:30  INFO 19464 --- [discovery-server] [a-EvictionTimer] c.n.e.registry.AbstractInstanceRegistry  : Running the evict task with compensationTime 4ms
2026-06-22T21:54:39.261+05:30  INFO 19464 --- [discovery-server] [a-EvictionTimer] c.n.e.registry.AbstractInstanceRegistry  : Running the evict task with compensationTime 0ms
2026-06-22T21:55:39.263+05:30  INFO 19464 --- [discovery-server] [a-EvictionTimer] c.n.e.registry.AbstractInstanceRegistry  : Running the evict task with compensationTime 2ms
2026-06-22T21:56:37.713+05:30  INFO 19464 --- [discovery-server] [hresholdUpdater] c.n.e.r.PeerAwareInstanceRegistryImpl    : Current renewal threshold is : 17
2026-06-22T21:56:39.269+05:30  INFO 19464 --- [discovery-server] [a-EvictionTimer] c.n.e.registry.AbstractInstanceRegistry  : Running the evict task with compensationTime 6ms
2026-06-22T21:57:39.271+05:30  INFO 19464 --- [discovery-server] [a-EvictionTimer] c.n.e.registry.AbstractInstanceRegistry  : Running the evict task with compensationTime 1ms
2026-06-22T21:58:39.273+05:30  INFO 19464 --- [discovery-server] [a-EvictionTimer] c.n.e.registry.AbstractInstanceRegistry  : Running the evict task with compensationTime 1ms
2026-06-22T21:59:39.274+05:30  INFO 19464 --- [discovery-server] [a-EvictionTimer] c.n.e.registry.AbstractInstanceRegistry  : Running the evict task with compensationTime 0ms
2026-06-22T22:00:39.280+05:30  INFO 19464 --- [discovery-server] [a-EvictionTimer] c.n.e.registry.AbstractInstanceRegistry  : Running the evict task with compensationTime 6ms
2026-06-22T22:01:39.284+05:30  INFO 19464 --- [discovery-server] [a-EvictionTimer] c.n.e.registry.AbstractInstanceRegistry  : Running the evict task with compensationTime 3ms
2026-06-22T22:02:39.296+05:30  INFO 19464 --- [discovery-server] [a-EvictionTimer] c.n.e.registry.AbstractInstanceRegistry  : Running the evict task with compensationTime 12ms
2026-06-22T22:03:39.298+05:30  INFO 19464 --- [discovery-server] [a-EvictionTimer] c.n.e.registry.AbstractInstanceRegistry  : Running the evict task with compensationTime 1ms
2026-06-22T22:04:39.314+05:30  INFO 19464 --- [discovery-server] [a-EvictionTimer] c.n.e.registry.AbstractInstanceRegistry  : Running the evict task with compensationTime 16ms
2026-06-22T22:05:39.318+05:30  INFO 19464 --- [discovery-server] [a-EvictionTimer] c.n.e.registry.AbstractInstanceRegistry  : Running the evict task with compensationTime 3ms
2026-06-22T22:06:39.321+05:30  INFO 19464 --- [discovery-server] [a-EvictionTimer] c.n.e.registry.AbstractInstanceRegistry  : Running the evict task with compensationTime 2ms
2026-06-22T22:07:39.327+05:30  INFO 19464 --- [discovery-server] [a-EvictionTimer] c.n.e.registry.AbstractInstanceRegistry  : Running the evict task with compensationTime 6ms
2026-06-22T22:08:39.328+05:30  INFO 19464 --- [discovery-server] [a-EvictionTimer] c.n.e.registry.AbstractInstanceRegistry  : Running the evict task with compensationTime 1ms
2026-06-22T22:09:39.340+05:30  INFO 19464 --- [discovery-server] [a-EvictionTimer] c.n.e.registry.AbstractInstanceRegistry  : Running the evict task with compensationTime 12ms
2026-06-22T22:10:39.349+05:30  INFO 19464 --- [discovery-server] [a-EvictionTimer] c.n.e.registry.AbstractInstanceRegistry  : Running the evict task with compensationTime 8ms
2026-06-22T22:11:37.698+05:30  INFO 19464 --- [discovery-server] [hresholdUpdater] c.n.e.r.PeerAwareInstanceRegistryImpl    : Current renewal threshold is : 17
2026-06-22T22:11:39.362+05:30  INFO 19464 --- [discovery-server] [a-EvictionTimer] c.n.e.registry.AbstractInstanceRegistry  : Running the evict task with compensationTime 13ms
2026-06-22T22:12:39.377+05:30  INFO 19464 --- [discovery-server] [a-EvictionTimer] c.n.e.registry.AbstractInstanceRegistry  : Running the evict task with compensationTime 14ms
2026-06-22T22:13:39.386+05:30  INFO 19464 --- [discovery-server] [a-EvictionTimer] c.n.e.registry.AbstractInstanceRegistry  : Running the evict task with compensationTime 9ms
2026-06-22T22:14:39.398+05:30  INFO 19464 --- [discovery-server] [a-EvictionTimer] c.n.e.registry.AbstractInstanceRegistry  : Running the evict task with compensationTime 12ms
2026-06-22T22:15:39.402+05:30  INFO 19464 --- [discovery-server] [a-EvictionTimer] c.n.e.registry.AbstractInstanceRegistry  : Running the evict task with compensationTime 3ms
2026-06-22T22:16:39.407+05:30  INFO 19464 --- [discovery-server] [a-EvictionTimer] c.n.e.registry.AbstractInstanceRegistry  : Running the evict task with compensationTime 5ms
2026-06-22T22:17:39.422+05:30  INFO 19464 --- [discovery-server] [a-EvictionTimer] c.n.e.registry.AbstractInstanceRegistry  : Running the evict task with compensationTime 14ms
2026-06-22T22:18:39.436+05:30  INFO 19464 --- [discovery-server] [a-EvictionTimer] c.n.e.registry.AbstractInstanceRegistry  : Running the evict task with compensationTime 14ms
2026-06-22T22:19:39.445+05:30  INFO 19464 --- [discovery-server] [a-EvictionTimer] c.n.e.registry.AbstractInstanceRegistry  : Running the evict task with compensationTime 8ms
2026-06-22T22:20:39.460+05:30  INFO 19464 --- [discovery-server] [a-EvictionTimer] c.n.e.registry.AbstractInstanceRegistry  : Running the evict task with compensationTime 14ms
2026-06-22T22:21:39.469+05:30  INFO 19464 --- [discovery-server] [a-EvictionTimer] c.n.e.registry.AbstractInstanceRegistry  : Running the evict task with compensationTime 9ms
2026-06-22T22:22:39.481+05:30  INFO 19464 --- [discovery-server] [a-EvictionTimer] c.n.e.registry.AbstractInstanceRegistry  : Running the evict task with compensationTime 12ms
2026-06-22T22:23:39.485+05:30  INFO 19464 --- [discovery-server] [a-EvictionTimer] c.n.e.registry.AbstractInstanceRegistry  : Running the evict task with compensationTime 2ms
2026-06-22T22:24:39.487+05:30  INFO 19464 --- [discovery-server] [a-EvictionTimer] c.n.e.registry.AbstractInstanceRegistry  : Running the evict task with compensationTime 2ms
2026-06-22T22:25:39.502+05:30  INFO 19464 --- [discovery-server] [a-EvictionTimer] c.n.e.registry.AbstractInstanceRegistry  : Running the evict task with compensationTime 12ms
2026-06-22T22:26:37.717+05:30  INFO 19464 --- [discovery-server] [hresholdUpdater] c.n.e.r.PeerAwareInstanceRegistryImpl    : Current renewal threshold is : 17
2026-06-22T22:26:39.504+05:30  INFO 19464 --- [discovery-server] [a-EvictionTimer] c.n.e.registry.AbstractInstanceRegistry  : Running the evict task with compensationTime 4ms
2026-06-22T22:27:39.504+05:30  INFO 19464 --- [discovery-server] [a-EvictionTimer] c.n.e.registry.AbstractInstanceRegistry  : Running the evict task with compensationTime 0ms
2026-06-22T22:28:39.513+05:30  INFO 19464 --- [discovery-server] [a-EvictionTimer] c.n.e.registry.AbstractInstanceRegistry  : Running the evict task with compensationTime 9ms
2026-06-22T22:29:39.522+05:30  INFO 19464 --- [discovery-server] [a-EvictionTimer] c.n.e.registry.AbstractInstanceRegistry  : Running the evict task with compensationTime 9ms
2026-06-22T22:30:39.523+05:30  INFO 19464 --- [discovery-server] [a-EvictionTimer] c.n.e.registry.AbstractInstanceRegistry  : Running the evict task with compensationTime 1ms
2026-06-22T22:31:39.531+05:30  INFO 19464 --- [discovery-server] [a-EvictionTimer] c.n.e.registry.AbstractInstanceRegistry  : Running the evict task with compensationTime 7ms
2026-06-22T22:32:39.533+05:30  INFO 19464 --- [discovery-server] [a-EvictionTimer] c.n.e.registry.AbstractInstanceRegistry  : Running the evict task with compensationTime 1ms
2026-06-22T22:33:39.539+05:30  INFO 19464 --- [discovery-server] [a-EvictionTimer] c.n.e.registry.AbstractInstanceRegistry  : Running the evict task with compensationTime 6ms
2026-06-22T22:34:39.541+05:30  INFO 19464 --- [discovery-server] [a-EvictionTimer] c.n.e.registry.AbstractInstanceRegistry  : Running the evict task with compensationTime 1ms
2026-06-22T22:35:39.553+05:30  INFO 19464 --- [discovery-server] [a-EvictionTimer] c.n.e.registry.AbstractInstanceRegistry  : Running the evict task with compensationTime 12ms
2026-06-22T22:36:39.556+05:30  INFO 19464 --- [discovery-server] [a-EvictionTimer] c.n.e.registry.AbstractInstanceRegistry  : Running the evict task with compensationTime 2ms
2026-06-22T22:37:39.563+05:30  INFO 19464 --- [discovery-server] [a-EvictionTimer] c.n.e.registry.AbstractInstanceRegistry  : Running the evict task with compensationTime 7ms
2026-06-22T22:38:39.566+05:30  INFO 19464 --- [discovery-server] [a-EvictionTimer] c.n.e.registry.AbstractInstanceRegistry  : Running the evict task with compensationTime 2ms
2026-06-22T22:39:39.566+05:30  INFO 19464 --- [discovery-server] [a-EvictionTimer] c.n.e.registry.AbstractInstanceRegistry  : Running the evict task with compensationTime 0ms
2026-06-22T22:40:39.568+05:30  INFO 19464 --- [discovery-server] [a-EvictionTimer] c.n.e.registry.AbstractInstanceRegistry  : Running the evict task with compensationTime 2ms
2026-06-22T22:41:37.709+05:30  INFO 19464 --- [discovery-server] [hresholdUpdater] c.n.e.r.PeerAwareInstanceRegistryImpl    : Current renewal threshold is : 17
2026-06-22T22:41:39.576+05:30  INFO 19464 --- [discovery-server] [a-EvictionTimer] c.n.e.registry.AbstractInstanceRegistry  : Running the evict task with compensationTime 7ms
2026-06-22T22:42:39.579+05:30  INFO 19464 --- [discovery-server] [a-EvictionTimer] c.n.e.registry.AbstractInstanceRegistry  : Running the evict task with compensationTime 3ms
2026-06-22T22:43:39.584+05:30  INFO 19464 --- [discovery-server] [a-EvictionTimer] c.n.e.registry.AbstractInstanceRegistry  : Running the evict task with compensationTime 4ms
2026-06-22T22:44:39.595+05:30  INFO 19464 --- [discovery-server] [a-EvictionTimer] c.n.e.registry.AbstractInstanceRegistry  : Running the evict task with compensationTime 11ms
2026-06-22T22:45:39.608+05:30  INFO 19464 --- [discovery-server] [a-EvictionTimer] c.n.e.registry.AbstractInstanceRegistry  : Running the evict task with compensationTime 13ms
2026-06-22T22:46:39.621+05:30  INFO 19464 --- [discovery-server] [a-EvictionTimer] c.n.e.registry.AbstractInstanceRegistry  : Running the evict task with compensationTime 13ms
2026-06-22T22:47:39.630+05:30  INFO 19464 --- [discovery-server] [a-EvictionTimer] c.n.e.registry.AbstractInstanceRegistry  : Running the evict task with compensationTime 8ms
2026-06-22T22:48:39.635+05:30  INFO 19464 --- [discovery-server] [a-EvictionTimer] c.n.e.registry.AbstractInstanceRegistry  : Running the evict task with compensationTime 5ms
2026-06-22T22:49:39.641+05:30  INFO 19464 --- [discovery-server] [a-EvictionTimer] c.n.e.registry.AbstractInstanceRegistry  : Running the evict task with compensationTime 5ms
2026-06-22T22:50:39.653+05:30  INFO 19464 --- [discovery-server] [a-EvictionTimer] c.n.e.registry.AbstractInstanceRegistry  : Running the evict task with compensationTime 12ms
2026-06-22T22:51:39.661+05:30  INFO 19464 --- [discovery-server] [a-EvictionTimer] c.n.e.registry.AbstractInstanceRegistry  : Running the evict task with compensationTime 7ms
2026-06-22T22:52:39.665+05:30  INFO 19464 --- [discovery-server] [a-EvictionTimer] c.n.e.registry.AbstractInstanceRegistry  : Running the evict task with compensationTime 4ms
2026-06-22T22:53:39.677+05:30  INFO 19464 --- [discovery-server] [a-EvictionTimer] c.n.e.registry.AbstractInstanceRegistry  : Running the evict task with compensationTime 12ms
2026-06-22T22:54:39.682+05:30  INFO 19464 --- [discovery-server] [a-EvictionTimer] c.n.e.registry.AbstractInstanceRegistry  : Running the evict task with compensationTime 4ms
2026-06-22T22:55:39.685+05:30  INFO 19464 --- [discovery-server] [a-EvictionTimer] c.n.e.registry.AbstractInstanceRegistry  : Running the evict task with compensationTime 2ms
2026-06-22T22:56:37.724+05:30  INFO 19464 --- [discovery-server] [hresholdUpdater] c.n.e.r.PeerAwareInstanceRegistryImpl    : Current renewal threshold is : 17
2026-06-22T22:56:39.700+05:30  INFO 19464 --- [discovery-server] [a-EvictionTimer] c.n.e.registry.AbstractInstanceRegistry  : Running the evict task with compensationTime 14ms
2026-06-22T22:57:39.711+05:30  INFO 19464 --- [discovery-server] [a-EvictionTimer] c.n.e.registry.AbstractInstanceRegistry  : Running the evict task with compensationTime 11ms
2026-06-22T22:58:39.724+05:30  INFO 19464 --- [discovery-server] [a-EvictionTimer] c.n.e.registry.AbstractInstanceRegistry  : Running the evict task with compensationTime 12ms
2026-06-22T22:59:39.732+05:30  INFO 19464 --- [discovery-server] [a-EvictionTimer] c.n.e.registry.AbstractInstanceRegistry  : Running the evict task with compensationTime 8ms
2026-06-22T23:00:39.741+05:30  INFO 19464 --- [discovery-server] [a-EvictionTimer] c.n.e.registry.AbstractInstanceRegistry  : Running the evict task with compensationTime 8ms
2026-06-22T23:01:39.747+05:30  INFO 19464 --- [discovery-server] [a-EvictionTimer] c.n.e.registry.AbstractInstanceRegistry  : Running the evict task with compensationTime 6ms
2026-06-22T23:02:39.755+05:30  INFO 19464 --- [discovery-server] [a-EvictionTimer] c.n.e.registry.AbstractInstanceRegistry  : Running the evict task with compensationTime 7ms
2026-06-22T23:03:39.797+05:30  INFO 19464 --- [discovery-server] [a-EvictionTimer] c.n.e.registry.AbstractInstanceRegistry  : Running the evict task with compensationTime 8ms
2026-06-22T23:04:39.776+05:30  INFO 19464 --- [discovery-server] [a-EvictionTimer] c.n.e.registry.AbstractInstanceRegistry  : Running the evict task with compensationTime 12ms
2026-06-22T23:05:39.778+05:30  INFO 19464 --- [discovery-server] [a-EvictionTimer] c.n.e.registry.AbstractInstanceRegistry  : Running the evict task with compensationTime 2ms
2026-06-22T23:06:39.781+05:30  INFO 19464 --- [discovery-server] [a-EvictionTimer] c.n.e.registry.AbstractInstanceRegistry  : Running the evict task with compensationTime 2ms
2026-06-22T23:07:39.794+05:30  INFO 19464 --- [discovery-server] [a-EvictionTimer] c.n.e.registry.AbstractInstanceRegistry  : Running the evict task with compensationTime 13ms
2026-06-22T23:08:39.806+05:30  INFO 19464 --- [discovery-server] [a-EvictionTimer] c.n.e.registry.AbstractInstanceRegistry  : Running the evict task with compensationTime 12ms
2026-06-22T23:09:39.818+05:30  INFO 19464 --- [discovery-server] [a-EvictionTimer] c.n.e.registry.AbstractInstanceRegistry  : Running the evict task with compensationTime 11ms
2026-06-22T23:10:39.830+05:30  INFO 19464 --- [discovery-server] [a-EvictionTimer] c.n.e.registry.AbstractInstanceRegistry  : Running the evict task with compensationTime 13ms
2026-06-22T23:11:37.727+05:30  INFO 19464 --- [discovery-server] [hresholdUpdater] c.n.e.r.PeerAwareInstanceRegistryImpl    : Current renewal threshold is : 17
2026-06-22T23:11:39.838+05:30  INFO 19464 --- [discovery-server] [a-EvictionTimer] c.n.e.registry.AbstractInstanceRegistry  : Running the evict task with compensationTime 7ms
2026-06-22T23:12:39.853+05:30  INFO 19464 --- [discovery-server] [a-EvictionTimer] c.n.e.registry.AbstractInstanceRegistry  : Running the evict task with compensationTime 15ms
2026-06-22T23:13:39.859+05:30  INFO 19464 --- [discovery-server] [a-EvictionTimer] c.n.e.registry.AbstractInstanceRegistry  : Running the evict task with compensationTime 5ms
2026-06-22T23:14:39.870+05:30  INFO 19464 --- [discovery-server] [a-EvictionTimer] c.n.e.registry.AbstractInstanceRegistry  : Running the evict task with compensationTime 11ms
2026-06-22T23:15:39.877+05:30  INFO 19464 --- [discovery-server] [a-EvictionTimer] c.n.e.registry.AbstractInstanceRegistry  : Running the evict task with compensationTime 6ms
2026-06-22T23:16:39.889+05:30  INFO 19464 --- [discovery-server] [a-EvictionTimer] c.n.e.registry.AbstractInstanceRegistry  : Running the evict task with compensationTime 12ms
2026-06-22T23:17:39.891+05:30  INFO 19464 --- [discovery-server] [a-EvictionTimer] c.n.e.registry.AbstractInstanceRegistry  : Running the evict task with compensationTime 1ms
2026-06-22T23:18:39.900+05:30  INFO 19464 --- [discovery-server] [a-EvictionTimer] c.n.e.registry.AbstractInstanceRegistry  : Running the evict task with compensationTime 9ms
2026-06-22T23:19:39.912+05:30  INFO 19464 --- [discovery-server] [a-EvictionTimer] c.n.e.registry.AbstractInstanceRegistry  : Running the evict task with compensationTime 12ms
2026-06-22T23:20:39.919+05:30  INFO 19464 --- [discovery-server] [a-EvictionTimer] c.n.e.registry.AbstractInstanceRegistry  : Running the evict task with compensationTime 6ms
2026-06-22T23:21:39.926+05:30  INFO 19464 --- [discovery-server] [a-EvictionTimer] c.n.e.registry.AbstractInstanceRegistry  : Running the evict task with compensationTime 6ms
2026-06-22T23:22:39.934+05:30  INFO 19464 --- [discovery-server] [a-EvictionTimer] c.n.e.registry.AbstractInstanceRegistry  : Running the evict task with compensationTime 8ms
2026-06-22T23:23:39.939+05:30  INFO 19464 --- [discovery-server] [a-EvictionTimer] c.n.e.registry.AbstractInstanceRegistry  : Running the evict task with compensationTime 4ms
2026-06-22T23:24:39.947+05:30  INFO 19464 --- [discovery-server] [a-EvictionTimer] c.n.e.registry.AbstractInstanceRegistry  : Running the evict task with compensationTime 8ms
2026-06-22T23:25:39.959+05:30  INFO 19464 --- [discovery-server] [a-EvictionTimer] c.n.e.registry.AbstractInstanceRegistry  : Running the evict task with compensationTime 12ms
2026-06-22T23:26:37.755+05:30  INFO 19464 --- [discovery-server] [hresholdUpdater] c.n.e.r.PeerAwareInstanceRegistryImpl    : Current renewal threshold is : 17
2026-06-22T23:26:39.966+05:30  INFO 19464 --- [discovery-server] [a-EvictionTimer] c.n.e.registry.AbstractInstanceRegistry  : Running the evict task with compensationTime 6ms
2026-06-22T23:27:39.974+05:30  INFO 19464 --- [discovery-server] [a-EvictionTimer] c.n.e.registry.AbstractInstanceRegistry  : Running the evict task with compensationTime 7ms
2026-06-22T23:28:39.987+05:30  INFO 19464 --- [discovery-server] [a-EvictionTimer] c.n.e.registry.AbstractInstanceRegistry  : Running the evict task with compensationTime 13ms
2026-06-22T23:29:39.997+05:30  INFO 19464 --- [discovery-server] [a-EvictionTimer] c.n.e.registry.AbstractInstanceRegistry  : Running the evict task with compensationTime 10ms
2026-06-22T23:30:40.005+05:30  INFO 19464 --- [discovery-server] [a-EvictionTimer] c.n.e.registry.AbstractInstanceRegistry  : Running the evict task with compensationTime 7ms
2026-06-22T23:31:40.020+05:30  INFO 19464 --- [discovery-server] [a-EvictionTimer] c.n.e.registry.AbstractInstanceRegistry  : Running the evict task with compensationTime 14ms
2026-06-22T23:32:40.030+05:30  INFO 19464 --- [discovery-server] [a-EvictionTimer] c.n.e.registry.AbstractInstanceRegistry  : Running the evict task with compensationTime 9ms
2026-06-22T23:33:40.033+05:30  INFO 19464 --- [discovery-server] [a-EvictionTimer] c.n.e.registry.AbstractInstanceRegistry  : Running the evict task with compensationTime 3ms
2026-06-22T23:34:40.047+05:30  INFO 19464 --- [discovery-server] [a-EvictionTimer] c.n.e.registry.AbstractInstanceRegistry  : Running the evict task with compensationTime 14ms
2026-06-22T23:35:40.048+05:30  INFO 19464 --- [discovery-server] [a-EvictionTimer] c.n.e.registry.AbstractInstanceRegistry  : Running the evict task with compensationTime 0ms
2026-06-22T23:36:40.050+05:30  INFO 19464 --- [discovery-server] [a-EvictionTimer] c.n.e.registry.AbstractInstanceRegistry  : Running the evict task with compensationTime 1ms
2026-06-22T23:37:40.066+05:30  INFO 19464 --- [discovery-server] [a-EvictionTimer] c.n.e.registry.AbstractInstanceRegistry  : Running the evict task with compensationTime 15ms
2026-06-22T23:38:40.075+05:30  INFO 19464 --- [discovery-server] [a-EvictionTimer] c.n.e.registry.AbstractInstanceRegistry  : Running the evict task with compensationTime 8ms
2026-06-22T23:39:40.086+05:30  INFO 19464 --- [discovery-server] [a-EvictionTimer] c.n.e.registry.AbstractInstanceRegistry  : Running the evict task with compensationTime 11ms
2026-06-22T23:40:40.094+05:30  INFO 19464 --- [discovery-server] [a-EvictionTimer] c.n.e.registry.AbstractInstanceRegistry  : Running the evict task with compensationTime 7ms
2026-06-22T23:41:37.738+05:30  INFO 19464 --- [discovery-server] [hresholdUpdater] c.n.e.r.PeerAwareInstanceRegistryImpl    : Current renewal threshold is : 17
2026-06-22T23:41:40.106+05:30  INFO 19464 --- [discovery-server] [a-EvictionTimer] c.n.e.registry.AbstractInstanceRegistry  : Running the evict task with compensationTime 13ms
2026-06-23T00:01:49.686+05:30  INFO 19464 --- [discovery-server] [a-EvictionTimer] c.n.e.registry.AbstractInstanceRegistry  : Running the evict task with compensationTime 1149654ms
2026-06-23T00:41:40.923+05:30  INFO 19464 --- [discovery-server] [a-EvictionTimer] c.n.e.registry.AbstractInstanceRegistry  : Running the evict task with compensationTime 2331313ms
2026-06-23T00:42:40.928+05:30  INFO 19464 --- [discovery-server] [a-EvictionTimer] c.n.e.registry.AbstractInstanceRegistry  : Running the evict task with compensationTime 4ms
2026-06-23T00:43:40.940+05:30  INFO 19464 --- [discovery-server] [a-EvictionTimer] c.n.e.registry.AbstractInstanceRegistry  : Running the evict task with compensationTime 12ms
2026-06-23T00:44:40.944+05:30  INFO 19464 --- [discovery-server] [a-EvictionTimer] c.n.e.registry.AbstractInstanceRegistry  : Running the evict task with compensationTime 3ms
2026-06-23T00:45:40.946+05:30  INFO 19464 --- [discovery-server] [a-EvictionTimer] c.n.e.registry.AbstractInstanceRegistry  : Running the evict task with compensationTime 1ms
2026-06-23T00:46:40.946+05:30  INFO 19464 --- [discovery-server] [a-EvictionTimer] c.n.e.registry.AbstractInstanceRegistry  : Running the evict task with compensationTime 0ms
2026-06-23T00:47:40.960+05:30  INFO 19464 --- [discovery-server] [a-EvictionTimer] c.n.e.registry.AbstractInstanceRegistry  : Running the evict task with compensationTime 13ms
2026-06-23T00:48:40.974+05:30  INFO 19464 --- [discovery-server] [a-EvictionTimer] c.n.e.registry.AbstractInstanceRegistry  : Running the evict task with compensationTime 13ms
2026-06-23T00:49:40.981+05:30  INFO 19464 --- [discovery-server] [a-EvictionTimer] c.n.e.registry.AbstractInstanceRegistry  : Running the evict task with compensationTime 6ms
2026-06-23T00:50:40.992+05:30  INFO 19464 --- [discovery-server] [a-EvictionTimer] c.n.e.registry.AbstractInstanceRegistry  : Running the evict task with compensationTime 11ms
2026-06-23T00:51:41.008+05:30  INFO 19464 --- [discovery-server] [a-EvictionTimer] c.n.e.registry.AbstractInstanceRegistry  : Running the evict task with compensationTime 16ms
2026-06-23T00:52:41.015+05:30  INFO 19464 --- [discovery-server] [a-EvictionTimer] c.n.e.registry.AbstractInstanceRegistry  : Running the evict task with compensationTime 6ms
2026-06-23T00:53:41.023+05:30  INFO 19464 --- [discovery-server] [a-EvictionTimer] c.n.e.registry.AbstractInstanceRegistry  : Running the evict task with compensationTime 7ms
2026-06-23T00:54:38.559+05:30  INFO 19464 --- [discovery-server] [hresholdUpdater] c.n.e.r.PeerAwareInstanceRegistryImpl    : Current renewal threshold is : 17
2026-06-23T00:54:41.032+05:30  INFO 19464 --- [discovery-server] [a-EvictionTimer] c.n.e.registry.AbstractInstanceRegistry  : Running the evict task with compensationTime 9ms
2026-06-23T00:55:41.041+05:30  INFO 19464 --- [discovery-server] [a-EvictionTimer] c.n.e.registry.AbstractInstanceRegistry  : Running the evict task with compensationTime 9ms
2026-06-23T00:56:41.044+05:30  INFO 19464 --- [discovery-server] [a-EvictionTimer] c.n.e.registry.AbstractInstanceRegistry  : Running the evict task with compensationTime 3ms
2026-06-23T00:57:41.048+05:30  INFO 19464 --- [discovery-server] [a-EvictionTimer] c.n.e.registry.AbstractInstanceRegistry  : Running the evict task with compensationTime 3ms
2026-06-23T00:58:41.049+05:30  INFO 19464 --- [discovery-server] [a-EvictionTimer] c.n.e.registry.AbstractInstanceRegistry  : Running the evict task with compensationTime 0ms
2026-06-23T00:59:41.062+05:30  INFO 19464 --- [discovery-server] [a-EvictionTimer] c.n.e.registry.AbstractInstanceRegistry  : Running the evict task with compensationTime 13ms
2026-06-23T01:00:41.072+05:30  INFO 19464 --- [discovery-server] [a-EvictionTimer] c.n.e.registry.AbstractInstanceRegistry  : Running the evict task with compensationTime 10ms
2026-06-23T01:01:41.075+05:30  INFO 19464 --- [discovery-server] [a-EvictionTimer] c.n.e.registry.AbstractInstanceRegistry  : Running the evict task with compensationTime 2ms
2026-06-23T01:02:41.076+05:30  INFO 19464 --- [discovery-server] [a-EvictionTimer] c.n.e.registry.AbstractInstanceRegistry  : Running the evict task with compensationTime 1ms
2026-06-23T01:03:41.090+05:30  INFO 19464 --- [discovery-server] [a-EvictionTimer] c.n.e.registry.AbstractInstanceRegistry  : Running the evict task with compensationTime 14ms
2026-06-23T01:04:41.092+05:30  INFO 19464 --- [discovery-server] [a-EvictionTimer] c.n.e.registry.AbstractInstanceRegistry  : Running the evict task with compensationTime 1ms
2026-06-23T01:05:41.103+05:30  INFO 19464 --- [discovery-server] [a-EvictionTimer] c.n.e.registry.AbstractInstanceRegistry  : Running the evict task with compensationTime 11ms
2026-06-23T01:06:41.119+05:30  INFO 19464 --- [discovery-server] [a-EvictionTimer] c.n.e.registry.AbstractInstanceRegistry  : Running the evict task with compensationTime 16ms
2026-06-23T01:07:41.123+05:30  INFO 19464 --- [discovery-server] [a-EvictionTimer] c.n.e.registry.AbstractInstanceRegistry  : Running the evict task with compensationTime 3ms
2026-06-23T01:08:41.136+05:30  INFO 19464 --- [discovery-server] [a-EvictionTimer] c.n.e.registry.AbstractInstanceRegistry  : Running the evict task with compensationTime 12ms
2026-06-23T01:09:38.580+05:30  INFO 19464 --- [discovery-server] [hresholdUpdater] c.n.e.r.PeerAwareInstanceRegistryImpl    : Current renewal threshold is : 17
2026-06-23T01:09:41.141+05:30  INFO 19464 --- [discovery-server] [a-EvictionTimer] c.n.e.registry.AbstractInstanceRegistry  : Running the evict task with compensationTime 5ms
2026-06-23T01:10:41.142+05:30  INFO 19464 --- [discovery-server] [a-EvictionTimer] c.n.e.registry.AbstractInstanceRegistry  : Running the evict task with compensationTime 1ms
2026-06-23T01:11:41.221+05:30  INFO 19464 --- [discovery-server] [a-EvictionTimer] c.n.e.registry.AbstractInstanceRegistry  : Running the evict task with compensationTime 7ms
2026-06-23T01:12:41.163+05:30  INFO 19464 --- [discovery-server] [a-EvictionTimer] c.n.e.registry.AbstractInstanceRegistry  : Running the evict task with compensationTime 13ms
2026-06-23T01:13:41.168+05:30  INFO 19464 --- [discovery-server] [a-EvictionTimer] c.n.e.registry.AbstractInstanceRegistry  : Running the evict task with compensationTime 5ms
2026-06-23T01:14:41.182+05:30  INFO 19464 --- [discovery-server] [a-EvictionTimer] c.n.e.registry.AbstractInstanceRegistry  : Running the evict task with compensationTime 13ms
2026-06-23T01:15:41.194+05:30  INFO 19464 --- [discovery-server] [a-EvictionTimer] c.n.e.registry.AbstractInstanceRegistry  : Running the evict task with compensationTime 12ms
2026-06-23T01:16:41.195+05:30  INFO 19464 --- [discovery-server] [a-EvictionTimer] c.n.e.registry.AbstractInstanceRegistry  : Running the evict task with compensationTime 3ms
2026-06-23T01:17:41.219+05:30  INFO 19464 --- [discovery-server] [a-EvictionTimer] c.n.e.registry.AbstractInstanceRegistry  : Running the evict task with compensationTime 20ms
2026-06-23T01:18:41.220+05:30  INFO 19464 --- [discovery-server] [a-EvictionTimer] c.n.e.registry.AbstractInstanceRegistry  : Running the evict task with compensationTime 1ms
2026-06-23T01:19:41.236+05:30  INFO 19464 --- [discovery-server] [a-EvictionTimer] c.n.e.registry.AbstractInstanceRegistry  : Running the evict task with compensationTime 15ms
2026-06-23T01:20:41.248+05:30  INFO 19464 --- [discovery-server] [a-EvictionTimer] c.n.e.registry.AbstractInstanceRegistry  : Running the evict task with compensationTime 12ms
