[INFO] Scanning for projects...
[INFO] 
[INFO] -----------------< com.stockbadshah:discovery-server >------------------
[INFO] Building  0.0.1-SNAPSHOT
[INFO]   from pom.xml
[INFO] --------------------------------[ jar ]---------------------------------
[INFO] 
[INFO] >>> spring-boot:4.0.6:run (default-cli) > test-compile @ discovery-server >>>
[INFO] 
[INFO] --- resources:3.3.1:resources (default-resources) @ discovery-server ---
[INFO] Copying 1 resource from src\main\resources to target\classes
[INFO] Copying 0 resource from src\main\resources to target\classes
[INFO] 
[INFO] --- compiler:3.14.1:compile (default-compile) @ discovery-server ---
[INFO] Nothing to compile - all classes are up to date.
[INFO] 
[INFO] --- resources:3.3.1:testResources (default-testResources) @ discovery-server ---
[INFO] skip non existing resourceDirectory D:\StockMarketBadsaha\backend\discovery-server\src\test\resources
[INFO] 
[INFO] --- compiler:3.14.1:testCompile (default-testCompile) @ discovery-server ---
[INFO] Nothing to compile - all classes are up to date.
[INFO] 
[INFO] <<< spring-boot:4.0.6:run (default-cli) < test-compile @ discovery-server <<<
[INFO] 
[INFO] 
[INFO] --- spring-boot:4.0.6:run (default-cli) @ discovery-server ---
[INFO] Attaching agents: []

  .   ____          _            __ _ _
 /\\ / ___'_ __ _ _(_)_ __  __ _ \ \ \ \
( ( )\___ | '_ | '_| | '_ \/ _` | \ \ \ \
 \\/  ___)| |_)| | | | | || (_| |  ) ) ) )
  '  |____| .__|_| |_|_| |_\__, | / / / /
 =========|_|==============|___/=/_/_/_/

 :: Spring Boot ::                (v4.0.6)

2026-06-15T15:11:35.418+05:30  INFO 23352 --- [discovery-server] [           main] c.s.d.DiscoveryServerApplication         : Starting DiscoveryServerApplication using Java 25 with PID 23352 (D:\StockMarketBadsaha\backend\discovery-server\target\classes started by irfan in D:\StockMarketBadsaha\backend\discovery-server)
2026-06-15T15:11:35.439+05:30  INFO 23352 --- [discovery-server] [           main] c.s.d.DiscoveryServerApplication         : No active profile set, falling back to 1 default profile: "default"
2026-06-15T15:11:42.093+05:30  INFO 23352 --- [discovery-server] [           main] o.s.cloud.context.scope.GenericScope     : BeanFactory id=ae2e6a2d-2af4-30b1-af7d-30f23da950c1
2026-06-15T15:11:42.946+05:30  INFO 23352 --- [discovery-server] [           main] o.s.boot.tomcat.TomcatWebServer          : Tomcat initialized with port 8761 (http)
2026-06-15T15:11:42.981+05:30  INFO 23352 --- [discovery-server] [           main] o.apache.catalina.core.StandardService   : Starting service [Tomcat]
2026-06-15T15:11:42.983+05:30  INFO 23352 --- [discovery-server] [           main] o.apache.catalina.core.StandardEngine    : Starting Servlet engine: [Apache Tomcat/11.0.21]
2026-06-15T15:11:43.471+05:30  INFO 23352 --- [discovery-server] [           main] b.w.c.s.WebApplicationContextInitializer : Root WebApplicationContext: initialization completed in 7646 ms
2026-06-15T15:11:47.945+05:30  INFO 23352 --- [discovery-server] [           main] c.n.d.provider.DiscoveryJerseyProvider   : Using JSON encoding codec LegacyJacksonJson
2026-06-15T15:11:47.946+05:30  INFO 23352 --- [discovery-server] [           main] c.n.d.provider.DiscoveryJerseyProvider   : Using JSON decoding codec LegacyJacksonJson
WARNING: A terminally deprecated method in sun.misc.Unsafe has been called
WARNING: sun.misc.Unsafe::objectFieldOffset has been called by com.thoughtworks.xstream.converters.reflection.SunUnsafeReflectionProvider (file:/D:/UserCaches/.m2/repository/com/thoughtworks/xstream/xstream/1.4.21/xstream-1.4.21.jar)
WARNING: Please consider reporting this to the maintainers of class com.thoughtworks.xstream.converters.reflection.SunUnsafeReflectionProvider
WARNING: sun.misc.Unsafe::objectFieldOffset will be removed in a future release
2026-06-15T15:11:48.804+05:30  INFO 23352 --- [discovery-server] [           main] c.n.d.provider.DiscoveryJerseyProvider   : Using XML encoding codec XStreamXml
2026-06-15T15:11:48.806+05:30  INFO 23352 --- [discovery-server] [           main] c.n.d.provider.DiscoveryJerseyProvider   : Using XML decoding codec XStreamXml
2026-06-15T15:11:49.491+05:30  INFO 23352 --- [discovery-server] [           main] o.s.v.b.OptionalValidatorFactoryBean     : Failed to set up a Bean Validation provider: jakarta.validation.NoProviderFoundException: Unable to create a Configuration, because no Jakarta Validation provider could be found. Add a provider like Hibernate Validator (RI) to your classpath.
2026-06-15T15:11:50.609+05:30  WARN 23352 --- [discovery-server] [           main] iguration$LoadBalancerCaffeineWarnLogger : Spring Cloud LoadBalancer is currently working with the default cache. While this cache implementation is useful for development and tests, it's recommended to use Caffeine cache in production.You can switch to using Caffeine cache, by adding it and org.springframework.cache.caffeine.CaffeineCacheManager to the classpath.
2026-06-15T15:11:50.645+05:30  INFO 23352 --- [discovery-server] [           main] o.s.c.n.eureka.InstanceInfoFactory       : Setting initial instance status as: STARTING
2026-06-15T15:11:50.679+05:30  INFO 23352 --- [discovery-server] [           main] com.netflix.discovery.DiscoveryClient    : Initializing Eureka in region us-east-1
2026-06-15T15:11:50.681+05:30  INFO 23352 --- [discovery-server] [           main] com.netflix.discovery.DiscoveryClient    : Client configured to neither register nor query for data.
2026-06-15T15:11:50.685+05:30  INFO 23352 --- [discovery-server] [           main] com.netflix.discovery.DiscoveryClient    : Discovery Client initialized at timestamp 1781516510683 with initial instances count: 0
2026-06-15T15:11:51.052+05:30  INFO 23352 --- [discovery-server] [           main] c.n.eureka.DefaultEurekaServerContext    : Initializing ...
2026-06-15T15:11:51.383+05:30  INFO 23352 --- [discovery-server] [           main] c.n.eureka.cluster.PeerEurekaNodes       : Adding new peer nodes [http://localhost:8761/eureka/]
2026-06-15T15:11:51.921+05:30  INFO 23352 --- [discovery-server] [           main] c.n.d.provider.DiscoveryJerseyProvider   : Using JSON encoding codec LegacyJacksonJson
2026-06-15T15:11:51.921+05:30  INFO 23352 --- [discovery-server] [           main] c.n.d.provider.DiscoveryJerseyProvider   : Using JSON decoding codec LegacyJacksonJson
2026-06-15T15:11:51.922+05:30  INFO 23352 --- [discovery-server] [           main] c.n.d.provider.DiscoveryJerseyProvider   : Using XML encoding codec XStreamXml
2026-06-15T15:11:51.923+05:30  INFO 23352 --- [discovery-server] [           main] c.n.d.provider.DiscoveryJerseyProvider   : Using XML decoding codec XStreamXml
2026-06-15T15:11:52.053+05:30  INFO 23352 --- [discovery-server] [           main] c.n.eureka.cluster.PeerEurekaNodes       : Replica node URL:  http://localhost:8761/eureka/
2026-06-15T15:11:52.106+05:30  INFO 23352 --- [discovery-server] [           main] c.n.e.registry.AbstractInstanceRegistry  : Finished initializing remote region registries. All known remote regions: []
2026-06-15T15:11:52.107+05:30  INFO 23352 --- [discovery-server] [           main] c.n.eureka.DefaultEurekaServerContext    : Initialized
2026-06-15T15:11:52.125+05:30  INFO 23352 --- [discovery-server] [           main] o.s.b.a.e.web.EndpointLinksResolver      : Exposing 1 endpoint beneath base path '/actuator'
2026-06-15T15:11:52.217+05:30  INFO 23352 --- [discovery-server] [           main] o.s.c.n.e.s.EurekaServiceRegistry        : Registering application DISCOVERY-SERVER with eureka with status UP
2026-06-15T15:11:52.255+05:30  INFO 23352 --- [discovery-server] [           main] o.s.boot.tomcat.TomcatWebServer          : Tomcat started on port 8761 (http) with context path '/'
2026-06-15T15:11:52.257+05:30  INFO 23352 --- [discovery-server] [           main] .s.c.n.e.s.EurekaAutoServiceRegistration : Updating port to 8761
2026-06-15T15:11:52.280+05:30  INFO 23352 --- [discovery-server] [           main] c.s.d.DiscoveryServerApplication         : Started DiscoveryServerApplication in 20.024 seconds (process running for 23.127)
2026-06-15T15:11:52.288+05:30  INFO 23352 --- [discovery-server] [       Thread-9] o.s.c.n.e.server.EurekaServerBootstrap   : isAws returned false
2026-06-15T15:11:52.290+05:30  INFO 23352 --- [discovery-server] [       Thread-9] o.s.c.n.e.server.EurekaServerBootstrap   : Initialized server context
2026-06-15T15:11:52.291+05:30  INFO 23352 --- [discovery-server] [       Thread-9] c.n.e.r.PeerAwareInstanceRegistryImpl    : Got 1 instances from neighboring DS node
2026-06-15T15:11:52.292+05:30  INFO 23352 --- [discovery-server] [       Thread-9] c.n.e.r.PeerAwareInstanceRegistryImpl    : Renew threshold is: 1
2026-06-15T15:11:52.293+05:30  INFO 23352 --- [discovery-server] [       Thread-9] c.n.e.r.PeerAwareInstanceRegistryImpl    : Changing status to UP
2026-06-15T15:11:52.296+05:30  INFO 23352 --- [discovery-server] [       Thread-9] e.s.EurekaServerInitializerConfiguration : Started Eureka Server
2026-06-15T15:11:57.893+05:30  INFO 23352 --- [discovery-server] [nio-8761-exec-1] o.a.c.c.C.[Tomcat].[localhost].[/]       : Initializing Spring DispatcherServlet 'dispatcherServlet'
2026-06-15T15:11:57.894+05:30  INFO 23352 --- [discovery-server] [nio-8761-exec-1] o.s.web.servlet.DispatcherServlet        : Initializing Servlet 'dispatcherServlet'
2026-06-15T15:11:57.898+05:30  INFO 23352 --- [discovery-server] [nio-8761-exec-1] o.s.web.servlet.DispatcherServlet        : Completed initialization in 2 ms
2026-06-15T15:11:58.588+05:30  INFO 23352 --- [discovery-server] [nio-8761-exec-2] c.n.e.registry.AbstractInstanceRegistry  : Registered instance API-GATEWAY/DESKTOP-TAPHLMF:api-gateway:8080 with status UP (replication=false)
2026-06-15T15:11:59.336+05:30  INFO 23352 --- [discovery-server] [nio-8761-exec-3] c.n.e.registry.AbstractInstanceRegistry  : Registered instance API-GATEWAY/DESKTOP-TAPHLMF:api-gateway:8080 with status UP (replication=true)
2026-06-15T15:12:18.240+05:30  WARN 23352 --- [discovery-server] [nio-8761-exec-9] c.n.e.registry.AbstractInstanceRegistry  : DS: Registry: lease doesn't exist, registering resource: FUNDAMENTAL-SERVICE - DESKTOP-TAPHLMF:fundamental-service:8084
2026-06-15T15:12:18.240+05:30  WARN 23352 --- [discovery-server] [nio-8761-exec-5] c.n.e.registry.AbstractInstanceRegistry  : DS: Registry: lease doesn't exist, registering resource: SCANNER-SERVICE - DESKTOP-TAPHLMF:scanner-service:8083
2026-06-15T15:12:18.241+05:30  WARN 23352 --- [discovery-server] [nio-8761-exec-9] c.n.eureka.resources.InstanceResource    : Not Found (Renew): FUNDAMENTAL-SERVICE - DESKTOP-TAPHLMF:fundamental-service:8084
2026-06-15T15:12:18.240+05:30  WARN 23352 --- [discovery-server] [nio-8761-exec-7] c.n.e.registry.AbstractInstanceRegistry  : DS: Registry: lease doesn't exist, registering resource: BACKTEST-SERVICE - DESKTOP-TAPHLMF:backtest-service:8086
2026-06-15T15:12:18.242+05:30  WARN 23352 --- [discovery-server] [nio-8761-exec-5] c.n.eureka.resources.InstanceResource    : Not Found (Renew): SCANNER-SERVICE - DESKTOP-TAPHLMF:scanner-service:8083
2026-06-15T15:12:18.244+05:30  WARN 23352 --- [discovery-server] [nio-8761-exec-7] c.n.eureka.resources.InstanceResource    : Not Found (Renew): BACKTEST-SERVICE - DESKTOP-TAPHLMF:backtest-service:8086
2026-06-15T15:12:18.249+05:30  WARN 23352 --- [discovery-server] [nio-8761-exec-1] c.n.e.registry.AbstractInstanceRegistry  : DS: Registry: lease doesn't exist, registering resource: INDICATOR-SERVICE - DESKTOP-TAPHLMF:indicator-service:8082
2026-06-15T15:12:18.250+05:30  WARN 23352 --- [discovery-server] [nio-8761-exec-1] c.n.eureka.resources.InstanceResource    : Not Found (Renew): INDICATOR-SERVICE - DESKTOP-TAPHLMF:indicator-service:8082
2026-06-15T15:12:18.265+05:30  WARN 23352 --- [discovery-server] [nio-8761-exec-3] c.n.e.registry.AbstractInstanceRegistry  : DS: Registry: lease doesn't exist, registering resource: STRATEGY-SERVICE - DESKTOP-TAPHLMF:strategy-service:8085
2026-06-15T15:12:18.266+05:30  WARN 23352 --- [discovery-server] [nio-8761-exec-3] c.n.eureka.resources.InstanceResource    : Not Found (Renew): STRATEGY-SERVICE - DESKTOP-TAPHLMF:strategy-service:8085
2026-06-15T15:12:18.271+05:30  WARN 23352 --- [discovery-server] [nio-8761-exec-6] c.n.e.registry.AbstractInstanceRegistry  : DS: Registry: lease doesn't exist, registering resource: NOTIFICATION-SERVICE - DESKTOP-TAPHLMF:notification-service:8088
2026-06-15T15:12:18.272+05:30  WARN 23352 --- [discovery-server] [nio-8761-exec-6] c.n.eureka.resources.InstanceResource    : Not Found (Renew): NOTIFICATION-SERVICE - DESKTOP-TAPHLMF:notification-service:8088
2026-06-15T15:12:18.274+05:30  WARN 23352 --- [discovery-server] [io-8761-exec-10] c.n.e.registry.AbstractInstanceRegistry  : DS: Registry: lease doesn't exist, registering resource: USER-SERVICE - DESKTOP-TAPHLMF:user-service:8087
2026-06-15T15:12:18.276+05:30  WARN 23352 --- [discovery-server] [io-8761-exec-10] c.n.eureka.resources.InstanceResource    : Not Found (Renew): USER-SERVICE - DESKTOP-TAPHLMF:user-service:8087
2026-06-15T15:12:18.683+05:30  INFO 23352 --- [discovery-server] [nio-8761-exec-2] c.n.e.registry.AbstractInstanceRegistry  : Registered instance FUNDAMENTAL-SERVICE/DESKTOP-TAPHLMF:fundamental-service:8084 with status UP (replication=false)
2026-06-15T15:12:18.717+05:30  INFO 23352 --- [discovery-server] [nio-8761-exec-4] c.n.e.registry.AbstractInstanceRegistry  : Registered instance SCANNER-SERVICE/DESKTOP-TAPHLMF:scanner-service:8083 with status UP (replication=false)
2026-06-15T15:12:18.722+05:30  INFO 23352 --- [discovery-server] [nio-8761-exec-1] c.n.e.registry.AbstractInstanceRegistry  : Registered instance STRATEGY-SERVICE/DESKTOP-TAPHLMF:strategy-service:8085 with status UP (replication=false)
2026-06-15T15:12:18.724+05:30  INFO 23352 --- [discovery-server] [nio-8761-exec-8] c.n.e.registry.AbstractInstanceRegistry  : Registered instance USER-SERVICE/DESKTOP-TAPHLMF:user-service:8087 with status UP (replication=false)
2026-06-15T15:12:18.725+05:30  INFO 23352 --- [discovery-server] [nio-8761-exec-5] c.n.e.registry.AbstractInstanceRegistry  : Registered instance FUNDAMENTAL-SERVICE/DESKTOP-TAPHLMF:fundamental-service:8084 with status UP (replication=false)
2026-06-15T15:12:18.726+05:30  INFO 23352 --- [discovery-server] [io-8761-exec-10] c.n.e.registry.AbstractInstanceRegistry  : Registered instance BACKTEST-SERVICE/DESKTOP-TAPHLMF:backtest-service:8086 with status UP (replication=false)
2026-06-15T15:12:18.727+05:30  INFO 23352 --- [discovery-server] [nio-8761-exec-9] c.n.e.registry.AbstractInstanceRegistry  : Registered instance INDICATOR-SERVICE/DESKTOP-TAPHLMF:indicator-service:8082 with status UP (replication=false)
2026-06-15T15:12:18.728+05:30  INFO 23352 --- [discovery-server] [nio-8761-exec-6] c.n.e.registry.AbstractInstanceRegistry  : Registered instance NOTIFICATION-SERVICE/DESKTOP-TAPHLMF:notification-service:8088 with status UP (replication=false)
2026-06-15T15:12:18.732+05:30  INFO 23352 --- [discovery-server] [nio-8761-exec-7] c.n.e.registry.AbstractInstanceRegistry  : Registered instance SCANNER-SERVICE/DESKTOP-TAPHLMF:scanner-service:8083 with status UP (replication=false)
2026-06-15T15:12:18.736+05:30  INFO 23352 --- [discovery-server] [nio-8761-exec-3] c.n.e.registry.AbstractInstanceRegistry  : Registered instance NOTIFICATION-SERVICE/DESKTOP-TAPHLMF:notification-service:8088 with status UP (replication=false)
2026-06-15T15:12:18.737+05:30  INFO 23352 --- [discovery-server] [nio-8761-exec-2] c.n.e.registry.AbstractInstanceRegistry  : Registered instance INDICATOR-SERVICE/DESKTOP-TAPHLMF:indicator-service:8082 with status UP (replication=false)
2026-06-15T15:12:18.742+05:30  INFO 23352 --- [discovery-server] [nio-8761-exec-4] c.n.e.registry.AbstractInstanceRegistry  : Registered instance BACKTEST-SERVICE/DESKTOP-TAPHLMF:backtest-service:8086 with status UP (replication=false)
2026-06-15T15:12:19.252+05:30  INFO 23352 --- [discovery-server] [nio-8761-exec-1] c.n.e.registry.AbstractInstanceRegistry  : Registered instance FUNDAMENTAL-SERVICE/DESKTOP-TAPHLMF:fundamental-service:8084 with status UP (replication=true)
2026-06-15T15:12:19.253+05:30  INFO 23352 --- [discovery-server] [nio-8761-exec-1] c.n.e.registry.AbstractInstanceRegistry  : Registered instance SCANNER-SERVICE/DESKTOP-TAPHLMF:scanner-service:8083 with status UP (replication=true)
2026-06-15T15:12:19.271+05:30  INFO 23352 --- [discovery-server] [nio-8761-exec-1] c.n.e.registry.AbstractInstanceRegistry  : Registered instance STRATEGY-SERVICE/DESKTOP-TAPHLMF:strategy-service:8085 with status UP (replication=true)
2026-06-15T15:12:19.272+05:30  INFO 23352 --- [discovery-server] [nio-8761-exec-1] c.n.e.registry.AbstractInstanceRegistry  : Registered instance USER-SERVICE/DESKTOP-TAPHLMF:user-service:8087 with status UP (replication=true)
2026-06-15T15:12:19.274+05:30  INFO 23352 --- [discovery-server] [nio-8761-exec-1] c.n.e.registry.AbstractInstanceRegistry  : Registered instance BACKTEST-SERVICE/DESKTOP-TAPHLMF:backtest-service:8086 with status UP (replication=true)
2026-06-15T15:12:19.275+05:30  INFO 23352 --- [discovery-server] [nio-8761-exec-1] c.n.e.registry.AbstractInstanceRegistry  : Registered instance INDICATOR-SERVICE/DESKTOP-TAPHLMF:indicator-service:8082 with status UP (replication=true)
2026-06-15T15:12:19.276+05:30  INFO 23352 --- [discovery-server] [nio-8761-exec-1] c.n.e.registry.AbstractInstanceRegistry  : Registered instance NOTIFICATION-SERVICE/DESKTOP-TAPHLMF:notification-service:8088 with status UP (replication=true)
2026-06-15T15:12:52.309+05:30  INFO 23352 --- [discovery-server] [a-EvictionTimer] c.n.e.registry.AbstractInstanceRegistry  : Running the evict task with compensationTime 0ms
2026-06-15T15:13:52.313+05:30  INFO 23352 --- [discovery-server] [a-EvictionTimer] c.n.e.registry.AbstractInstanceRegistry  : Running the evict task with compensationTime 2ms
2026-06-15T15:14:21.713+05:30 ERROR 23352 --- [discovery-server] [et_localhost-16] c.n.e.cluster.ReplicationTaskProcessor   : It seems to be a socket read timeout exception, it will retry later. if it continues to happen and some eureka node occupied all the cpu time, you should set property 'eureka.server.peer-node-read-timeout-ms' to a bigger value

jakarta.ws.rs.ProcessingException: java.net.SocketTimeoutException: Read timed out
	at org.glassfish.jersey.apache.connector.ApacheConnector.apply(ApacheConnector.java:535) ~[jersey-apache-connector-3.0.5.jar:na]
	at org.glassfish.jersey.client.ClientRuntime.invoke(ClientRuntime.java:300) ~[jersey-client-4.0.2.jar:na]
	at org.glassfish.jersey.client.JerseyInvocation.lambda$invoke$0(JerseyInvocation.java:671) ~[jersey-client-4.0.2.jar:na]
	at org.glassfish.jersey.client.JerseyInvocation.call(JerseyInvocation.java:706) ~[jersey-client-4.0.2.jar:na]
	at org.glassfish.jersey.client.JerseyInvocation.lambda$runInScope$3(JerseyInvocation.java:700) ~[jersey-client-4.0.2.jar:na]
	at org.glassfish.jersey.internal.Errors.process(Errors.java:292) ~[jersey-common-4.0.2.jar:na]
	at org.glassfish.jersey.internal.Errors.process(Errors.java:274) ~[jersey-common-4.0.2.jar:na]
	at org.glassfish.jersey.internal.Errors.process(Errors.java:205) ~[jersey-common-4.0.2.jar:na]
	at org.glassfish.jersey.process.internal.RequestScope.runInScope(RequestScope.java:391) ~[jersey-common-4.0.2.jar:na]
	at org.glassfish.jersey.client.JerseyInvocation.runInScope(JerseyInvocation.java:700) ~[jersey-client-4.0.2.jar:na]
	at org.glassfish.jersey.client.JerseyInvocation.invoke(JerseyInvocation.java:670) ~[jersey-client-4.0.2.jar:na]
	at org.glassfish.jersey.client.JerseyInvocation$Builder.method(JerseyInvocation.java:436) ~[jersey-client-4.0.2.jar:na]
	at org.glassfish.jersey.client.JerseyInvocation$Builder.post(JerseyInvocation.java:342) ~[jersey-client-4.0.2.jar:na]
	at com.netflix.eureka.transport.Jersey3ReplicationClient.submitBatchUpdates(Jersey3ReplicationClient.java:116) ~[eureka-core-jersey3-2.0.5.jar:2.0.5]
	at com.netflix.eureka.cluster.ReplicationTaskProcessor.process(ReplicationTaskProcessor.java:80) ~[eureka-core-2.0.5.jar:2.0.5]
	at com.netflix.eureka.util.batcher.TaskExecutors$BatchWorkerRunnable.run(TaskExecutors.java:178) ~[eureka-core-2.0.5.jar:2.0.5]
	at java.base/java.lang.Thread.run(Thread.java:1474) ~[na:na]
Caused by: java.net.SocketTimeoutException: Read timed out
	at java.base/sun.nio.ch.NioSocketImpl.timedRead(NioSocketImpl.java:277) ~[na:na]
	at java.base/sun.nio.ch.NioSocketImpl.implRead(NioSocketImpl.java:302) ~[na:na]
	at java.base/sun.nio.ch.NioSocketImpl.read(NioSocketImpl.java:354) ~[na:na]
	at java.base/sun.nio.ch.NioSocketImpl$1.read(NioSocketImpl.java:798) ~[na:na]
	at java.base/java.net.Socket$SocketInputStream.implRead(Socket.java:974) ~[na:na]
	at java.base/java.net.Socket$SocketInputStream.read(Socket.java:964) ~[na:na]
	at org.apache.http.impl.io.SessionInputBufferImpl.streamRead(SessionInputBufferImpl.java:137) ~[httpcore-4.4.16.jar:4.4.16]
	at org.apache.http.impl.io.SessionInputBufferImpl.fillBuffer(SessionInputBufferImpl.java:153) ~[httpcore-4.4.16.jar:4.4.16]
	at org.apache.http.impl.io.SessionInputBufferImpl.readLine(SessionInputBufferImpl.java:280) ~[httpcore-4.4.16.jar:4.4.16]
	at org.apache.http.impl.conn.DefaultHttpResponseParser.parseHead(DefaultHttpResponseParser.java:138) ~[httpclient-4.5.3.jar:4.5.3]
	at org.apache.http.impl.conn.DefaultHttpResponseParser.parseHead(DefaultHttpResponseParser.java:56) ~[httpclient-4.5.3.jar:4.5.3]
	at org.apache.http.impl.io.AbstractMessageParser.parse(AbstractMessageParser.java:259) ~[httpcore-4.4.16.jar:4.4.16]
	at org.apache.http.impl.DefaultBHttpClientConnection.receiveResponseHeader(DefaultBHttpClientConnection.java:163) ~[httpcore-4.4.16.jar:4.4.16]
	at org.apache.http.impl.conn.CPoolProxy.receiveResponseHeader(CPoolProxy.java:165) ~[httpclient-4.5.3.jar:4.5.3]
	at org.apache.http.protocol.HttpRequestExecutor.doReceiveResponse(HttpRequestExecutor.java:273) ~[httpcore-4.4.16.jar:4.4.16]
	at org.apache.http.protocol.HttpRequestExecutor.execute(HttpRequestExecutor.java:125) ~[httpcore-4.4.16.jar:4.4.16]
	at org.apache.http.impl.execchain.MainClientExec.execute(MainClientExec.java:272) ~[httpclient-4.5.3.jar:4.5.3]
	at org.apache.http.impl.execchain.ProtocolExec.execute(ProtocolExec.java:185) ~[httpclient-4.5.3.jar:4.5.3]
	at org.apache.http.impl.execchain.RetryExec.execute(RetryExec.java:89) ~[httpclient-4.5.3.jar:4.5.3]
	at org.apache.http.impl.execchain.RedirectExec.execute(RedirectExec.java:111) ~[httpclient-4.5.3.jar:4.5.3]
	at org.apache.http.impl.client.InternalHttpClient.doExecute(InternalHttpClient.java:185) ~[httpclient-4.5.3.jar:4.5.3]
	at org.apache.http.impl.client.CloseableHttpClient.execute(CloseableHttpClient.java:72) ~[httpclient-4.5.3.jar:4.5.3]
	at org.glassfish.jersey.apache.connector.ApacheConnector.apply(ApacheConnector.java:487) ~[jersey-apache-connector-3.0.5.jar:na]
	... 16 common frames omitted

2026-06-15T15:14:52.321+05:30  INFO 23352 --- [discovery-server] [a-EvictionTimer] c.n.e.registry.AbstractInstanceRegistry  : Running the evict task with compensationTime 8ms
2026-06-15T15:15:52.334+05:30  INFO 23352 --- [discovery-server] [a-EvictionTimer] c.n.e.registry.AbstractInstanceRegistry  : Running the evict task with compensationTime 12ms
2026-06-15T15:16:52.347+05:30  INFO 23352 --- [discovery-server] [a-EvictionTimer] c.n.e.registry.AbstractInstanceRegistry  : Running the evict task with compensationTime 13ms
2026-06-15T15:17:52.353+05:30  INFO 23352 --- [discovery-server] [a-EvictionTimer] c.n.e.registry.AbstractInstanceRegistry  : Running the evict task with compensationTime 5ms
2026-06-15T15:18:52.363+05:30  INFO 23352 --- [discovery-server] [a-EvictionTimer] c.n.e.registry.AbstractInstanceRegistry  : Running the evict task with compensationTime 10ms
2026-06-15T15:19:52.375+05:30  INFO 23352 --- [discovery-server] [a-EvictionTimer] c.n.e.registry.AbstractInstanceRegistry  : Running the evict task with compensationTime 11ms
2026-06-15T15:20:52.391+05:30  INFO 23352 --- [discovery-server] [a-EvictionTimer] c.n.e.registry.AbstractInstanceRegistry  : Running the evict task with compensationTime 15ms
2026-06-15T15:21:52.394+05:30  INFO 23352 --- [discovery-server] [a-EvictionTimer] c.n.e.registry.AbstractInstanceRegistry  : Running the evict task with compensationTime 3ms
2026-06-15T15:22:52.406+05:30  INFO 23352 --- [discovery-server] [a-EvictionTimer] c.n.e.registry.AbstractInstanceRegistry  : Running the evict task with compensationTime 12ms
2026-06-15T15:23:52.412+05:30  INFO 23352 --- [discovery-server] [a-EvictionTimer] c.n.e.registry.AbstractInstanceRegistry  : Running the evict task with compensationTime 6ms
2026-06-15T15:24:52.417+05:30  INFO 23352 --- [discovery-server] [a-EvictionTimer] c.n.e.registry.AbstractInstanceRegistry  : Running the evict task with compensationTime 5ms
2026-06-15T15:25:52.424+05:30  INFO 23352 --- [discovery-server] [a-EvictionTimer] c.n.e.registry.AbstractInstanceRegistry  : Running the evict task with compensationTime 7ms
2026-06-15T15:26:52.150+05:30  INFO 23352 --- [discovery-server] [hresholdUpdater] c.n.e.r.PeerAwareInstanceRegistryImpl    : Current renewal threshold is : 15
2026-06-15T15:26:52.431+05:30  INFO 23352 --- [discovery-server] [a-EvictionTimer] c.n.e.registry.AbstractInstanceRegistry  : Running the evict task with compensationTime 6ms
2026-06-15T15:27:52.441+05:30  INFO 23352 --- [discovery-server] [a-EvictionTimer] c.n.e.registry.AbstractInstanceRegistry  : Running the evict task with compensationTime 9ms
2026-06-15T15:28:52.456+05:30  INFO 23352 --- [discovery-server] [a-EvictionTimer] c.n.e.registry.AbstractInstanceRegistry  : Running the evict task with compensationTime 15ms
2026-06-15T15:29:52.463+05:30  INFO 23352 --- [discovery-server] [a-EvictionTimer] c.n.e.registry.AbstractInstanceRegistry  : Running the evict task with compensationTime 7ms
2026-06-15T15:30:52.477+05:30  INFO 23352 --- [discovery-server] [a-EvictionTimer] c.n.e.registry.AbstractInstanceRegistry  : Running the evict task with compensationTime 14ms
2026-06-15T15:31:52.487+05:30  INFO 23352 --- [discovery-server] [a-EvictionTimer] c.n.e.registry.AbstractInstanceRegistry  : Running the evict task with compensationTime 9ms
2026-06-15T15:32:52.498+05:30  INFO 23352 --- [discovery-server] [a-EvictionTimer] c.n.e.registry.AbstractInstanceRegistry  : Running the evict task with compensationTime 10ms
2026-06-15T15:33:52.509+05:30  INFO 23352 --- [discovery-server] [a-EvictionTimer] c.n.e.registry.AbstractInstanceRegistry  : Running the evict task with compensationTime 11ms
2026-06-15T15:34:52.511+05:30  INFO 23352 --- [discovery-server] [a-EvictionTimer] c.n.e.registry.AbstractInstanceRegistry  : Running the evict task with compensationTime 1ms
2026-06-15T15:35:52.527+05:30  INFO 23352 --- [discovery-server] [a-EvictionTimer] c.n.e.registry.AbstractInstanceRegistry  : Running the evict task with compensationTime 15ms
2026-06-15T15:36:52.541+05:30  INFO 23352 --- [discovery-server] [a-EvictionTimer] c.n.e.registry.AbstractInstanceRegistry  : Running the evict task with compensationTime 14ms
2026-06-15T15:37:52.549+05:30  INFO 23352 --- [discovery-server] [a-EvictionTimer] c.n.e.registry.AbstractInstanceRegistry  : Running the evict task with compensationTime 7ms
2026-06-15T15:38:52.560+05:30  INFO 23352 --- [discovery-server] [a-EvictionTimer] c.n.e.registry.AbstractInstanceRegistry  : Running the evict task with compensationTime 10ms
2026-06-15T15:39:52.562+05:30  INFO 23352 --- [discovery-server] [a-EvictionTimer] c.n.e.registry.AbstractInstanceRegistry  : Running the evict task with compensationTime 2ms
2026-06-15T15:40:52.570+05:30  INFO 23352 --- [discovery-server] [a-EvictionTimer] c.n.e.registry.AbstractInstanceRegistry  : Running the evict task with compensationTime 7ms
2026-06-15T15:41:52.144+05:30  INFO 23352 --- [discovery-server] [hresholdUpdater] c.n.e.r.PeerAwareInstanceRegistryImpl    : Current renewal threshold is : 15
2026-06-15T15:41:52.573+05:30  INFO 23352 --- [discovery-server] [a-EvictionTimer] c.n.e.registry.AbstractInstanceRegistry  : Running the evict task with compensationTime 3ms
2026-06-15T15:42:52.584+05:30  INFO 23352 --- [discovery-server] [a-EvictionTimer] c.n.e.registry.AbstractInstanceRegistry  : Running the evict task with compensationTime 10ms
2026-06-15T15:43:52.593+05:30  INFO 23352 --- [discovery-server] [a-EvictionTimer] c.n.e.registry.AbstractInstanceRegistry  : Running the evict task with compensationTime 8ms
2026-06-15T15:44:52.607+05:30  INFO 23352 --- [discovery-server] [a-EvictionTimer] c.n.e.registry.AbstractInstanceRegistry  : Running the evict task with compensationTime 14ms
2026-06-15T15:45:52.612+05:30  INFO 23352 --- [discovery-server] [a-EvictionTimer] c.n.e.registry.AbstractInstanceRegistry  : Running the evict task with compensationTime 5ms
2026-06-15T15:46:52.622+05:30  INFO 23352 --- [discovery-server] [a-EvictionTimer] c.n.e.registry.AbstractInstanceRegistry  : Running the evict task with compensationTime 9ms
2026-06-15T15:47:52.638+05:30  INFO 23352 --- [discovery-server] [a-EvictionTimer] c.n.e.registry.AbstractInstanceRegistry  : Running the evict task with compensationTime 15ms
2026-06-15T15:48:52.644+05:30  INFO 23352 --- [discovery-server] [a-EvictionTimer] c.n.e.registry.AbstractInstanceRegistry  : Running the evict task with compensationTime 6ms
2026-06-15T15:49:52.653+05:30  INFO 23352 --- [discovery-server] [a-EvictionTimer] c.n.e.registry.AbstractInstanceRegistry  : Running the evict task with compensationTime 9ms
2026-06-15T15:50:52.654+05:30  INFO 23352 --- [discovery-server] [a-EvictionTimer] c.n.e.registry.AbstractInstanceRegistry  : Running the evict task with compensationTime 0ms
2026-06-15T15:51:52.667+05:30  INFO 23352 --- [discovery-server] [a-EvictionTimer] c.n.e.registry.AbstractInstanceRegistry  : Running the evict task with compensationTime 13ms
2026-06-15T15:52:52.683+05:30  INFO 23352 --- [discovery-server] [a-EvictionTimer] c.n.e.registry.AbstractInstanceRegistry  : Running the evict task with compensationTime 15ms
2026-06-15T15:53:52.685+05:30  INFO 23352 --- [discovery-server] [a-EvictionTimer] c.n.e.registry.AbstractInstanceRegistry  : Running the evict task with compensationTime 2ms
2026-06-15T15:54:52.691+05:30  INFO 23352 --- [discovery-server] [a-EvictionTimer] c.n.e.registry.AbstractInstanceRegistry  : Running the evict task with compensationTime 6ms
2026-06-15T15:55:52.707+05:30  INFO 23352 --- [discovery-server] [a-EvictionTimer] c.n.e.registry.AbstractInstanceRegistry  : Running the evict task with compensationTime 16ms
2026-06-15T15:56:52.161+05:30  INFO 23352 --- [discovery-server] [hresholdUpdater] c.n.e.r.PeerAwareInstanceRegistryImpl    : Current renewal threshold is : 15
2026-06-15T15:56:52.713+05:30  INFO 23352 --- [discovery-server] [a-EvictionTimer] c.n.e.registry.AbstractInstanceRegistry  : Running the evict task with compensationTime 6ms
2026-06-15T15:57:52.727+05:30  INFO 23352 --- [discovery-server] [a-EvictionTimer] c.n.e.registry.AbstractInstanceRegistry  : Running the evict task with compensationTime 13ms
2026-06-15T15:58:52.740+05:30  INFO 23352 --- [discovery-server] [a-EvictionTimer] c.n.e.registry.AbstractInstanceRegistry  : Running the evict task with compensationTime 12ms
2026-06-15T15:59:52.744+05:30  INFO 23352 --- [discovery-server] [a-EvictionTimer] c.n.e.registry.AbstractInstanceRegistry  : Running the evict task with compensationTime 3ms
2026-06-15T16:00:52.751+05:30  INFO 23352 --- [discovery-server] [a-EvictionTimer] c.n.e.registry.AbstractInstanceRegistry  : Running the evict task with compensationTime 6ms
2026-06-15T16:01:52.764+05:30  INFO 23352 --- [discovery-server] [a-EvictionTimer] c.n.e.registry.AbstractInstanceRegistry  : Running the evict task with compensationTime 13ms
2026-06-15T16:02:52.774+05:30  INFO 23352 --- [discovery-server] [a-EvictionTimer] c.n.e.registry.AbstractInstanceRegistry  : Running the evict task with compensationTime 9ms
2026-06-15T16:03:52.781+05:30  INFO 23352 --- [discovery-server] [a-EvictionTimer] c.n.e.registry.AbstractInstanceRegistry  : Running the evict task with compensationTime 6ms
2026-06-15T16:04:52.796+05:30  INFO 23352 --- [discovery-server] [a-EvictionTimer] c.n.e.registry.AbstractInstanceRegistry  : Running the evict task with compensationTime 14ms
2026-06-15T16:05:52.805+05:30  INFO 23352 --- [discovery-server] [a-EvictionTimer] c.n.e.registry.AbstractInstanceRegistry  : Running the evict task with compensationTime 9ms
2026-06-15T16:06:52.811+05:30  INFO 23352 --- [discovery-server] [a-EvictionTimer] c.n.e.registry.AbstractInstanceRegistry  : Running the evict task with compensationTime 5ms
2026-06-15T16:07:52.825+05:30  INFO 23352 --- [discovery-server] [a-EvictionTimer] c.n.e.registry.AbstractInstanceRegistry  : Running the evict task with compensationTime 13ms
2026-06-15T16:08:52.832+05:30  INFO 23352 --- [discovery-server] [a-EvictionTimer] c.n.e.registry.AbstractInstanceRegistry  : Running the evict task with compensationTime 6ms
2026-06-15T16:09:52.847+05:30  INFO 23352 --- [discovery-server] [a-EvictionTimer] c.n.e.registry.AbstractInstanceRegistry  : Running the evict task with compensationTime 15ms
2026-06-15T16:10:52.861+05:30  INFO 23352 --- [discovery-server] [a-EvictionTimer] c.n.e.registry.AbstractInstanceRegistry  : Running the evict task with compensationTime 13ms
2026-06-15T16:11:52.171+05:30  INFO 23352 --- [discovery-server] [hresholdUpdater] c.n.e.r.PeerAwareInstanceRegistryImpl    : Current renewal threshold is : 15
2026-06-15T16:11:52.870+05:30  INFO 23352 --- [discovery-server] [a-EvictionTimer] c.n.e.registry.AbstractInstanceRegistry  : Running the evict task with compensationTime 9ms
2026-06-15T16:12:52.876+05:30  INFO 23352 --- [discovery-server] [a-EvictionTimer] c.n.e.registry.AbstractInstanceRegistry  : Running the evict task with compensationTime 6ms
2026-06-15T16:13:52.883+05:30  INFO 23352 --- [discovery-server] [a-EvictionTimer] c.n.e.registry.AbstractInstanceRegistry  : Running the evict task with compensationTime 6ms
2026-06-15T16:14:52.887+05:30  INFO 23352 --- [discovery-server] [a-EvictionTimer] c.n.e.registry.AbstractInstanceRegistry  : Running the evict task with compensationTime 3ms
2026-06-15T16:15:52.894+05:30  INFO 23352 --- [discovery-server] [a-EvictionTimer] c.n.e.registry.AbstractInstanceRegistry  : Running the evict task with compensationTime 7ms
2026-06-15T16:16:52.905+05:30  INFO 23352 --- [discovery-server] [a-EvictionTimer] c.n.e.registry.AbstractInstanceRegistry  : Running the evict task with compensationTime 10ms
2026-06-15T16:17:52.920+05:30  INFO 23352 --- [discovery-server] [a-EvictionTimer] c.n.e.registry.AbstractInstanceRegistry  : Running the evict task with compensationTime 14ms
2026-06-15T16:18:52.920+05:30  INFO 23352 --- [discovery-server] [a-EvictionTimer] c.n.e.registry.AbstractInstanceRegistry  : Running the evict task with compensationTime 0ms
2026-06-15T16:19:52.927+05:30  INFO 23352 --- [discovery-server] [a-EvictionTimer] c.n.e.registry.AbstractInstanceRegistry  : Running the evict task with compensationTime 6ms
2026-06-15T16:20:52.932+05:30  INFO 23352 --- [discovery-server] [a-EvictionTimer] c.n.e.registry.AbstractInstanceRegistry  : Running the evict task with compensationTime 5ms
2026-06-15T16:21:52.947+05:30  INFO 23352 --- [discovery-server] [a-EvictionTimer] c.n.e.registry.AbstractInstanceRegistry  : Running the evict task with compensationTime 14ms
2026-06-15T16:22:52.947+05:30  INFO 23352 --- [discovery-server] [a-EvictionTimer] c.n.e.registry.AbstractInstanceRegistry  : Running the evict task with compensationTime 0ms
2026-06-15T16:23:52.948+05:30  INFO 23352 --- [discovery-server] [a-EvictionTimer] c.n.e.registry.AbstractInstanceRegistry  : Running the evict task with compensationTime 0ms
2026-06-15T16:24:52.960+05:30  INFO 23352 --- [discovery-server] [a-EvictionTimer] c.n.e.registry.AbstractInstanceRegistry  : Running the evict task with compensationTime 11ms
2026-06-15T16:25:52.972+05:30  INFO 23352 --- [discovery-server] [a-EvictionTimer] c.n.e.registry.AbstractInstanceRegistry  : Running the evict task with compensationTime 12ms
2026-06-15T16:26:52.175+05:30  INFO 23352 --- [discovery-server] [hresholdUpdater] c.n.e.r.PeerAwareInstanceRegistryImpl    : Current renewal threshold is : 15
2026-06-15T16:26:52.979+05:30  INFO 23352 --- [discovery-server] [a-EvictionTimer] c.n.e.registry.AbstractInstanceRegistry  : Running the evict task with compensationTime 7ms
2026-06-15T16:27:52.986+05:30  INFO 23352 --- [discovery-server] [a-EvictionTimer] c.n.e.registry.AbstractInstanceRegistry  : Running the evict task with compensationTime 6ms
2026-06-15T16:28:52.992+05:30  INFO 23352 --- [discovery-server] [a-EvictionTimer] c.n.e.registry.AbstractInstanceRegistry  : Running the evict task with compensationTime 5ms
2026-06-15T16:29:52.995+05:30  INFO 23352 --- [discovery-server] [a-EvictionTimer] c.n.e.registry.AbstractInstanceRegistry  : Running the evict task with compensationTime 3ms
2026-06-15T16:30:53.003+05:30  INFO 23352 --- [discovery-server] [a-EvictionTimer] c.n.e.registry.AbstractInstanceRegistry  : Running the evict task with compensationTime 7ms
2026-06-15T16:31:53.016+05:30  INFO 23352 --- [discovery-server] [a-EvictionTimer] c.n.e.registry.AbstractInstanceRegistry  : Running the evict task with compensationTime 12ms
2026-06-15T16:32:53.030+05:30  INFO 23352 --- [discovery-server] [a-EvictionTimer] c.n.e.registry.AbstractInstanceRegistry  : Running the evict task with compensationTime 14ms
2026-06-15T16:33:53.036+05:30  INFO 23352 --- [discovery-server] [a-EvictionTimer] c.n.e.registry.AbstractInstanceRegistry  : Running the evict task with compensationTime 5ms
2026-06-15T16:34:53.049+05:30  INFO 23352 --- [discovery-server] [a-EvictionTimer] c.n.e.registry.AbstractInstanceRegistry  : Running the evict task with compensationTime 11ms
2026-06-15T16:35:53.055+05:30  INFO 23352 --- [discovery-server] [a-EvictionTimer] c.n.e.registry.AbstractInstanceRegistry  : Running the evict task with compensationTime 8ms
2026-06-15T16:36:53.067+05:30  INFO 23352 --- [discovery-server] [a-EvictionTimer] c.n.e.registry.AbstractInstanceRegistry  : Running the evict task with compensationTime 11ms
2026-06-15T16:37:53.078+05:30  INFO 23352 --- [discovery-server] [a-EvictionTimer] c.n.e.registry.AbstractInstanceRegistry  : Running the evict task with compensationTime 10ms
2026-06-15T16:38:53.090+05:30  INFO 23352 --- [discovery-server] [a-EvictionTimer] c.n.e.registry.AbstractInstanceRegistry  : Running the evict task with compensationTime 12ms
2026-06-15T16:39:53.109+05:30  INFO 23352 --- [discovery-server] [a-EvictionTimer] c.n.e.registry.AbstractInstanceRegistry  : Running the evict task with compensationTime 13ms
2026-06-15T16:40:53.115+05:30  INFO 23352 --- [discovery-server] [a-EvictionTimer] c.n.e.registry.AbstractInstanceRegistry  : Running the evict task with compensationTime 11ms
2026-06-15T16:41:52.183+05:30  INFO 23352 --- [discovery-server] [hresholdUpdater] c.n.e.r.PeerAwareInstanceRegistryImpl    : Current renewal threshold is : 15
2026-06-15T16:41:53.120+05:30  INFO 23352 --- [discovery-server] [a-EvictionTimer] c.n.e.registry.AbstractInstanceRegistry  : Running the evict task with compensationTime 5ms
2026-06-15T16:42:53.132+05:30  INFO 23352 --- [discovery-server] [a-EvictionTimer] c.n.e.registry.AbstractInstanceRegistry  : Running the evict task with compensationTime 11ms
2026-06-15T16:43:53.148+05:30  INFO 23352 --- [discovery-server] [a-EvictionTimer] c.n.e.registry.AbstractInstanceRegistry  : Running the evict task with compensationTime 16ms
2026-06-15T16:44:53.149+05:30  INFO 23352 --- [discovery-server] [a-EvictionTimer] c.n.e.registry.AbstractInstanceRegistry  : Running the evict task with compensationTime 0ms
2026-06-15T16:45:53.154+05:30  INFO 23352 --- [discovery-server] [a-EvictionTimer] c.n.e.registry.AbstractInstanceRegistry  : Running the evict task with compensationTime 5ms
2026-06-15T16:46:53.155+05:30  INFO 23352 --- [discovery-server] [a-EvictionTimer] c.n.e.registry.AbstractInstanceRegistry  : Running the evict task with compensationTime 1ms
2026-06-15T16:47:53.159+05:30  INFO 23352 --- [discovery-server] [a-EvictionTimer] c.n.e.registry.AbstractInstanceRegistry  : Running the evict task with compensationTime 4ms
2026-06-15T16:48:53.174+05:30  INFO 23352 --- [discovery-server] [a-EvictionTimer] c.n.e.registry.AbstractInstanceRegistry  : Running the evict task with compensationTime 14ms
2026-06-15T16:49:53.179+05:30  INFO 23352 --- [discovery-server] [a-EvictionTimer] c.n.e.registry.AbstractInstanceRegistry  : Running the evict task with compensationTime 4ms
2026-06-15T16:50:53.185+05:30  INFO 23352 --- [discovery-server] [a-EvictionTimer] c.n.e.registry.AbstractInstanceRegistry  : Running the evict task with compensationTime 5ms
2026-06-15T16:51:53.190+05:30  INFO 23352 --- [discovery-server] [a-EvictionTimer] c.n.e.registry.AbstractInstanceRegistry  : Running the evict task with compensationTime 5ms
2026-06-15T16:52:53.194+05:30  INFO 23352 --- [discovery-server] [a-EvictionTimer] c.n.e.registry.AbstractInstanceRegistry  : Running the evict task with compensationTime 3ms
2026-06-15T16:53:53.203+05:30  INFO 23352 --- [discovery-server] [a-EvictionTimer] c.n.e.registry.AbstractInstanceRegistry  : Running the evict task with compensationTime 8ms
2026-06-15T16:54:53.212+05:30  INFO 23352 --- [discovery-server] [a-EvictionTimer] c.n.e.registry.AbstractInstanceRegistry  : Running the evict task with compensationTime 9ms
2026-06-15T16:55:53.212+05:30  INFO 23352 --- [discovery-server] [a-EvictionTimer] c.n.e.registry.AbstractInstanceRegistry  : Running the evict task with compensationTime 0ms
2026-06-15T16:56:52.194+05:30  INFO 23352 --- [discovery-server] [hresholdUpdater] c.n.e.r.PeerAwareInstanceRegistryImpl    : Current renewal threshold is : 15
2026-06-15T16:56:53.222+05:30  INFO 23352 --- [discovery-server] [a-EvictionTimer] c.n.e.registry.AbstractInstanceRegistry  : Running the evict task with compensationTime 9ms
2026-06-15T16:57:53.232+05:30  INFO 23352 --- [discovery-server] [a-EvictionTimer] c.n.e.registry.AbstractInstanceRegistry  : Running the evict task with compensationTime 9ms
2026-06-15T16:58:53.247+05:30  INFO 23352 --- [discovery-server] [a-EvictionTimer] c.n.e.registry.AbstractInstanceRegistry  : Running the evict task with compensationTime 15ms
2026-06-15T16:59:53.257+05:30  INFO 23352 --- [discovery-server] [a-EvictionTimer] c.n.e.registry.AbstractInstanceRegistry  : Running the evict task with compensationTime 9ms
2026-06-15T17:00:53.261+05:30  INFO 23352 --- [discovery-server] [a-EvictionTimer] c.n.e.registry.AbstractInstanceRegistry  : Running the evict task with compensationTime 4ms
2026-06-15T17:01:53.264+05:30  INFO 23352 --- [discovery-server] [a-EvictionTimer] c.n.e.registry.AbstractInstanceRegistry  : Running the evict task with compensationTime 2ms
2026-06-15T17:02:53.273+05:30  INFO 23352 --- [discovery-server] [a-EvictionTimer] c.n.e.registry.AbstractInstanceRegistry  : Running the evict task with compensationTime 9ms
2026-06-15T17:03:53.276+05:30  INFO 23352 --- [discovery-server] [a-EvictionTimer] c.n.e.registry.AbstractInstanceRegistry  : Running the evict task with compensationTime 2ms
2026-06-15T17:04:53.283+05:30  INFO 23352 --- [discovery-server] [a-EvictionTimer] c.n.e.registry.AbstractInstanceRegistry  : Running the evict task with compensationTime 7ms
2026-06-15T17:05:53.298+05:30  INFO 23352 --- [discovery-server] [a-EvictionTimer] c.n.e.registry.AbstractInstanceRegistry  : Running the evict task with compensationTime 14ms
2026-06-15T17:06:53.309+05:30  INFO 23352 --- [discovery-server] [a-EvictionTimer] c.n.e.registry.AbstractInstanceRegistry  : Running the evict task with compensationTime 11ms
2026-06-15T17:07:53.319+05:30  INFO 23352 --- [discovery-server] [a-EvictionTimer] c.n.e.registry.AbstractInstanceRegistry  : Running the evict task with compensationTime 10ms
2026-06-15T17:08:53.322+05:30  INFO 23352 --- [discovery-server] [a-EvictionTimer] c.n.e.registry.AbstractInstanceRegistry  : Running the evict task with compensationTime 2ms
2026-06-15T17:09:53.324+05:30  INFO 23352 --- [discovery-server] [a-EvictionTimer] c.n.e.registry.AbstractInstanceRegistry  : Running the evict task with compensationTime 1ms
2026-06-15T17:10:53.336+05:30  INFO 23352 --- [discovery-server] [a-EvictionTimer] c.n.e.registry.AbstractInstanceRegistry  : Running the evict task with compensationTime 11ms
2026-06-15T17:11:52.192+05:30  INFO 23352 --- [discovery-server] [hresholdUpdater] c.n.e.r.PeerAwareInstanceRegistryImpl    : Current renewal threshold is : 15
2026-06-15T17:11:53.346+05:30  INFO 23352 --- [discovery-server] [a-EvictionTimer] c.n.e.registry.AbstractInstanceRegistry  : Running the evict task with compensationTime 10ms
2026-06-15T17:12:53.360+05:30  INFO 23352 --- [discovery-server] [a-EvictionTimer] c.n.e.registry.AbstractInstanceRegistry  : Running the evict task with compensationTime 13ms
2026-06-15T17:13:53.372+05:30  INFO 23352 --- [discovery-server] [a-EvictionTimer] c.n.e.registry.AbstractInstanceRegistry  : Running the evict task with compensationTime 11ms
2026-06-15T17:14:53.386+05:30  INFO 23352 --- [discovery-server] [a-EvictionTimer] c.n.e.registry.AbstractInstanceRegistry  : Running the evict task with compensationTime 14ms
2026-06-15T17:15:53.402+05:30  INFO 23352 --- [discovery-server] [a-EvictionTimer] c.n.e.registry.AbstractInstanceRegistry  : Running the evict task with compensationTime 15ms
2026-06-15T17:16:53.409+05:30  INFO 23352 --- [discovery-server] [a-EvictionTimer] c.n.e.registry.AbstractInstanceRegistry  : Running the evict task with compensationTime 7ms
2026-06-15T17:17:53.411+05:30  INFO 23352 --- [discovery-server] [a-EvictionTimer] c.n.e.registry.AbstractInstanceRegistry  : Running the evict task with compensationTime 2ms
2026-06-15T17:18:53.422+05:30  INFO 23352 --- [discovery-server] [a-EvictionTimer] c.n.e.registry.AbstractInstanceRegistry  : Running the evict task with compensationTime 10ms
2026-06-15T17:19:53.429+05:30  INFO 23352 --- [discovery-server] [a-EvictionTimer] c.n.e.registry.AbstractInstanceRegistry  : Running the evict task with compensationTime 6ms
2026-06-15T17:20:53.429+05:30  INFO 23352 --- [discovery-server] [a-EvictionTimer] c.n.e.registry.AbstractInstanceRegistry  : Running the evict task with compensationTime 0ms
2026-06-15T17:21:53.436+05:30  INFO 23352 --- [discovery-server] [a-EvictionTimer] c.n.e.registry.AbstractInstanceRegistry  : Running the evict task with compensationTime 6ms
2026-06-15T17:22:53.438+05:30  INFO 23352 --- [discovery-server] [a-EvictionTimer] c.n.e.registry.AbstractInstanceRegistry  : Running the evict task with compensationTime 2ms
2026-06-15T17:23:53.447+05:30  INFO 23352 --- [discovery-server] [a-EvictionTimer] c.n.e.registry.AbstractInstanceRegistry  : Running the evict task with compensationTime 8ms
2026-06-15T17:24:53.454+05:30  INFO 23352 --- [discovery-server] [a-EvictionTimer] c.n.e.registry.AbstractInstanceRegistry  : Running the evict task with compensationTime 5ms
2026-06-15T17:25:53.469+05:30  INFO 23352 --- [discovery-server] [a-EvictionTimer] c.n.e.registry.AbstractInstanceRegistry  : Running the evict task with compensationTime 15ms
2026-06-15T17:26:52.207+05:30  INFO 23352 --- [discovery-server] [hresholdUpdater] c.n.e.r.PeerAwareInstanceRegistryImpl    : Current renewal threshold is : 15
2026-06-15T17:26:53.478+05:30  INFO 23352 --- [discovery-server] [a-EvictionTimer] c.n.e.registry.AbstractInstanceRegistry  : Running the evict task with compensationTime 9ms
2026-06-15T17:27:53.490+05:30  INFO 23352 --- [discovery-server] [a-EvictionTimer] c.n.e.registry.AbstractInstanceRegistry  : Running the evict task with compensationTime 11ms
2026-06-15T17:28:53.503+05:30  INFO 23352 --- [discovery-server] [a-EvictionTimer] c.n.e.registry.AbstractInstanceRegistry  : Running the evict task with compensationTime 13ms
2026-06-15T17:29:53.516+05:30  INFO 23352 --- [discovery-server] [a-EvictionTimer] c.n.e.registry.AbstractInstanceRegistry  : Running the evict task with compensationTime 12ms
2026-06-15T17:30:53.527+05:30  INFO 23352 --- [discovery-server] [a-EvictionTimer] c.n.e.registry.AbstractInstanceRegistry  : Running the evict task with compensationTime 11ms
2026-06-15T17:31:53.543+05:30  INFO 23352 --- [discovery-server] [a-EvictionTimer] c.n.e.registry.AbstractInstanceRegistry  : Running the evict task with compensationTime 15ms
2026-06-15T17:32:53.557+05:30  INFO 23352 --- [discovery-server] [a-EvictionTimer] c.n.e.registry.AbstractInstanceRegistry  : Running the evict task with compensationTime 14ms
2026-06-15T17:33:53.568+05:30  INFO 23352 --- [discovery-server] [a-EvictionTimer] c.n.e.registry.AbstractInstanceRegistry  : Running the evict task with compensationTime 11ms
2026-06-15T17:34:53.584+05:30  INFO 23352 --- [discovery-server] [a-EvictionTimer] c.n.e.registry.AbstractInstanceRegistry  : Running the evict task with compensationTime 15ms
2026-06-15T17:35:53.592+05:30  INFO 23352 --- [discovery-server] [a-EvictionTimer] c.n.e.registry.AbstractInstanceRegistry  : Running the evict task with compensationTime 8ms
2026-06-15T17:36:53.603+05:30  INFO 23352 --- [discovery-server] [a-EvictionTimer] c.n.e.registry.AbstractInstanceRegistry  : Running the evict task with compensationTime 11ms
2026-06-15T17:37:53.611+05:30  INFO 23352 --- [discovery-server] [a-EvictionTimer] c.n.e.registry.AbstractInstanceRegistry  : Running the evict task with compensationTime 7ms
2026-06-15T17:38:53.617+05:30  INFO 23352 --- [discovery-server] [a-EvictionTimer] c.n.e.registry.AbstractInstanceRegistry  : Running the evict task with compensationTime 5ms
2026-06-15T17:39:53.619+05:30  INFO 23352 --- [discovery-server] [a-EvictionTimer] c.n.e.registry.AbstractInstanceRegistry  : Running the evict task with compensationTime 2ms
2026-06-15T17:40:53.633+05:30  INFO 23352 --- [discovery-server] [a-EvictionTimer] c.n.e.registry.AbstractInstanceRegistry  : Running the evict task with compensationTime 13ms
2026-06-15T17:41:52.211+05:30  INFO 23352 --- [discovery-server] [hresholdUpdater] c.n.e.r.PeerAwareInstanceRegistryImpl    : Current renewal threshold is : 15
2026-06-15T17:41:53.645+05:30  INFO 23352 --- [discovery-server] [a-EvictionTimer] c.n.e.registry.AbstractInstanceRegistry  : Running the evict task with compensationTime 12ms
2026-06-15T17:42:53.659+05:30  INFO 23352 --- [discovery-server] [a-EvictionTimer] c.n.e.registry.AbstractInstanceRegistry  : Running the evict task with compensationTime 13ms
2026-06-15T17:43:53.665+05:30  INFO 23352 --- [discovery-server] [a-EvictionTimer] c.n.e.registry.AbstractInstanceRegistry  : Running the evict task with compensationTime 5ms
2026-06-15T17:44:53.671+05:30  INFO 23352 --- [discovery-server] [a-EvictionTimer] c.n.e.registry.AbstractInstanceRegistry  : Running the evict task with compensationTime 5ms
2026-06-15T17:45:53.681+05:30  INFO 23352 --- [discovery-server] [a-EvictionTimer] c.n.e.registry.AbstractInstanceRegistry  : Running the evict task with compensationTime 10ms
2026-06-15T17:46:53.687+05:30  INFO 23352 --- [discovery-server] [a-EvictionTimer] c.n.e.registry.AbstractInstanceRegistry  : Running the evict task with compensationTime 5ms
2026-06-15T17:47:53.692+05:30  INFO 23352 --- [discovery-server] [a-EvictionTimer] c.n.e.registry.AbstractInstanceRegistry  : Running the evict task with compensationTime 5ms
2026-06-15T17:48:53.707+05:30  INFO 23352 --- [discovery-server] [a-EvictionTimer] c.n.e.registry.AbstractInstanceRegistry  : Running the evict task with compensationTime 14ms
2026-06-15T17:49:53.721+05:30  INFO 23352 --- [discovery-server] [a-EvictionTimer] c.n.e.registry.AbstractInstanceRegistry  : Running the evict task with compensationTime 13ms
2026-06-15T17:50:53.736+05:30  INFO 23352 --- [discovery-server] [a-EvictionTimer] c.n.e.registry.AbstractInstanceRegistry  : Running the evict task with compensationTime 15ms
2026-06-15T17:51:53.750+05:30  INFO 23352 --- [discovery-server] [a-EvictionTimer] c.n.e.registry.AbstractInstanceRegistry  : Running the evict task with compensationTime 14ms
2026-06-15T17:52:53.761+05:30  INFO 23352 --- [discovery-server] [a-EvictionTimer] c.n.e.registry.AbstractInstanceRegistry  : Running the evict task with compensationTime 11ms
2026-06-15T17:53:53.770+05:30  INFO 23352 --- [discovery-server] [a-EvictionTimer] c.n.e.registry.AbstractInstanceRegistry  : Running the evict task with compensationTime 9ms
2026-06-15T17:54:53.778+05:30  INFO 23352 --- [discovery-server] [a-EvictionTimer] c.n.e.registry.AbstractInstanceRegistry  : Running the evict task with compensationTime 7ms
2026-06-15T17:55:53.788+05:30  INFO 23352 --- [discovery-server] [a-EvictionTimer] c.n.e.registry.AbstractInstanceRegistry  : Running the evict task with compensationTime 10ms
2026-06-15T17:56:52.223+05:30  INFO 23352 --- [discovery-server] [hresholdUpdater] c.n.e.r.PeerAwareInstanceRegistryImpl    : Current renewal threshold is : 15
2026-06-15T17:56:53.796+05:30  INFO 23352 --- [discovery-server] [a-EvictionTimer] c.n.e.registry.AbstractInstanceRegistry  : Running the evict task with compensationTime 8ms
2026-06-15T17:57:53.805+05:30  INFO 23352 --- [discovery-server] [a-EvictionTimer] c.n.e.registry.AbstractInstanceRegistry  : Running the evict task with compensationTime 8ms
2026-06-15T17:58:53.816+05:30  INFO 23352 --- [discovery-server] [a-EvictionTimer] c.n.e.registry.AbstractInstanceRegistry  : Running the evict task with compensationTime 11ms
2026-06-15T17:59:53.817+05:30  INFO 23352 --- [discovery-server] [a-EvictionTimer] c.n.e.registry.AbstractInstanceRegistry  : Running the evict task with compensationTime 0ms
2026-06-15T18:00:53.823+05:30  INFO 23352 --- [discovery-server] [a-EvictionTimer] c.n.e.registry.AbstractInstanceRegistry  : Running the evict task with compensationTime 6ms
2026-06-15T18:01:53.829+05:30  INFO 23352 --- [discovery-server] [a-EvictionTimer] c.n.e.registry.AbstractInstanceRegistry  : Running the evict task with compensationTime 5ms
2026-06-15T18:31:31.192+05:30  INFO 23352 --- [discovery-server] [a-EvictionTimer] c.n.e.registry.AbstractInstanceRegistry  : Running the evict task with compensationTime 1717415ms
2026-06-15T18:32:31.181+05:30  INFO 23352 --- [discovery-server] [a-EvictionTimer] c.n.e.registry.AbstractInstanceRegistry  : Running the evict task with compensationTime 12ms
2026-06-15T18:33:31.185+05:30  INFO 23352 --- [discovery-server] [a-EvictionTimer] c.n.e.registry.AbstractInstanceRegistry  : Running the evict task with compensationTime 3ms
2026-06-15T18:34:31.189+05:30  INFO 23352 --- [discovery-server] [a-EvictionTimer] c.n.e.registry.AbstractInstanceRegistry  : Running the evict task with compensationTime 3ms
2026-06-15T18:35:31.217+05:30  INFO 23352 --- [discovery-server] [a-EvictionTimer] c.n.e.registry.AbstractInstanceRegistry  : Running the evict task with compensationTime 2ms
2026-06-15T18:36:31.202+05:30  INFO 23352 --- [discovery-server] [a-EvictionTimer] c.n.e.registry.AbstractInstanceRegistry  : Running the evict task with compensationTime 10ms
2026-06-15T18:37:31.212+05:30  INFO 23352 --- [discovery-server] [a-EvictionTimer] c.n.e.registry.AbstractInstanceRegistry  : Running the evict task with compensationTime 9ms
2026-06-15T18:38:31.226+05:30  INFO 23352 --- [discovery-server] [a-EvictionTimer] c.n.e.registry.AbstractInstanceRegistry  : Running the evict task with compensationTime 13ms
2026-06-15T18:39:31.239+05:30  INFO 23352 --- [discovery-server] [a-EvictionTimer] c.n.e.registry.AbstractInstanceRegistry  : Running the evict task with compensationTime 12ms
2026-06-15T18:40:29.608+05:30  INFO 23352 --- [discovery-server] [hresholdUpdater] c.n.e.r.PeerAwareInstanceRegistryImpl    : Current renewal threshold is : 15
2026-06-15T18:40:31.240+05:30  INFO 23352 --- [discovery-server] [a-EvictionTimer] c.n.e.registry.AbstractInstanceRegistry  : Running the evict task with compensationTime 1ms
2026-06-15T18:41:31.254+05:30  INFO 23352 --- [discovery-server] [a-EvictionTimer] c.n.e.registry.AbstractInstanceRegistry  : Running the evict task with compensationTime 14ms
2026-06-15T18:42:31.261+05:30  INFO 23352 --- [discovery-server] [a-EvictionTimer] c.n.e.registry.AbstractInstanceRegistry  : Running the evict task with compensationTime 6ms
2026-06-15T18:43:31.261+05:30  INFO 23352 --- [discovery-server] [a-EvictionTimer] c.n.e.registry.AbstractInstanceRegistry  : Running the evict task with compensationTime 0ms
2026-06-15T18:44:31.271+05:30  INFO 23352 --- [discovery-server] [a-EvictionTimer] c.n.e.registry.AbstractInstanceRegistry  : Running the evict task with compensationTime 10ms
2026-06-15T18:45:31.281+05:30  INFO 23352 --- [discovery-server] [a-EvictionTimer] c.n.e.registry.AbstractInstanceRegistry  : Running the evict task with compensationTime 9ms
2026-06-15T18:46:31.296+05:30  INFO 23352 --- [discovery-server] [a-EvictionTimer] c.n.e.registry.AbstractInstanceRegistry  : Running the evict task with compensationTime 14ms
2026-06-15T18:47:31.309+05:30  INFO 23352 --- [discovery-server] [a-EvictionTimer] c.n.e.registry.AbstractInstanceRegistry  : Running the evict task with compensationTime 13ms
2026-06-15T18:48:31.318+05:30  INFO 23352 --- [discovery-server] [a-EvictionTimer] c.n.e.registry.AbstractInstanceRegistry  : Running the evict task with compensationTime 8ms
2026-06-15T18:49:31.333+05:30  INFO 23352 --- [discovery-server] [a-EvictionTimer] c.n.e.registry.AbstractInstanceRegistry  : Running the evict task with compensationTime 15ms
2026-06-15T18:50:31.347+05:30  INFO 23352 --- [discovery-server] [a-EvictionTimer] c.n.e.registry.AbstractInstanceRegistry  : Running the evict task with compensationTime 14ms
2026-06-15T18:51:31.361+05:30  INFO 23352 --- [discovery-server] [a-EvictionTimer] c.n.e.registry.AbstractInstanceRegistry  : Running the evict task with compensationTime 14ms
2026-06-15T18:52:31.368+05:30  INFO 23352 --- [discovery-server] [a-EvictionTimer] c.n.e.registry.AbstractInstanceRegistry  : Running the evict task with compensationTime 6ms
2026-06-15T18:53:31.368+05:30  INFO 23352 --- [discovery-server] [a-EvictionTimer] c.n.e.registry.AbstractInstanceRegistry  : Running the evict task with compensationTime 0ms
2026-06-15T18:54:31.375+05:30  INFO 23352 --- [discovery-server] [a-EvictionTimer] c.n.e.registry.AbstractInstanceRegistry  : Running the evict task with compensationTime 6ms
2026-06-15T19:16:50.138+05:30  INFO 23352 --- [discovery-server] [hresholdUpdater] c.n.e.r.PeerAwareInstanceRegistryImpl    : Current renewal threshold is : 15
2026-06-15T19:16:51.918+05:30  INFO 23352 --- [discovery-server] [a-EvictionTimer] c.n.e.registry.AbstractInstanceRegistry  : Running the evict task with compensationTime 1280616ms
2026-06-15T19:17:51.918+05:30  INFO 23352 --- [discovery-server] [a-EvictionTimer] c.n.e.registry.AbstractInstanceRegistry  : Running the evict task with compensationTime 2ms
2026-06-15T19:18:51.922+05:30  INFO 23352 --- [discovery-server] [a-EvictionTimer] c.n.e.registry.AbstractInstanceRegistry  : Running the evict task with compensationTime 3ms
2026-06-15T19:19:51.935+05:30  INFO 23352 --- [discovery-server] [a-EvictionTimer] c.n.e.registry.AbstractInstanceRegistry  : Running the evict task with compensationTime 12ms
2026-06-15T19:20:51.939+05:30  INFO 23352 --- [discovery-server] [a-EvictionTimer] c.n.e.registry.AbstractInstanceRegistry  : Running the evict task with compensationTime 4ms
2026-06-15T19:21:51.952+05:30  INFO 23352 --- [discovery-server] [a-EvictionTimer] c.n.e.registry.AbstractInstanceRegistry  : Running the evict task with compensationTime 12ms
2026-06-15T19:22:51.967+05:30  INFO 23352 --- [discovery-server] [a-EvictionTimer] c.n.e.registry.AbstractInstanceRegistry  : Running the evict task with compensationTime 15ms
2026-06-15T19:23:51.982+05:30  INFO 23352 --- [discovery-server] [a-EvictionTimer] c.n.e.registry.AbstractInstanceRegistry  : Running the evict task with compensationTime 14ms
2026-06-15T19:24:51.992+05:30  INFO 23352 --- [discovery-server] [a-EvictionTimer] c.n.e.registry.AbstractInstanceRegistry  : Running the evict task with compensationTime 9ms
2026-06-15T19:25:51.994+05:30  INFO 23352 --- [discovery-server] [a-EvictionTimer] c.n.e.registry.AbstractInstanceRegistry  : Running the evict task with compensationTime 2ms
2026-06-15T19:26:52.003+05:30  INFO 23352 --- [discovery-server] [a-EvictionTimer] c.n.e.registry.AbstractInstanceRegistry  : Running the evict task with compensationTime 8ms
2026-06-15T19:27:52.018+05:30  INFO 23352 --- [discovery-server] [a-EvictionTimer] c.n.e.registry.AbstractInstanceRegistry  : Running the evict task with compensationTime 15ms
2026-06-15T19:28:52.025+05:30  INFO 23352 --- [discovery-server] [a-EvictionTimer] c.n.e.registry.AbstractInstanceRegistry  : Running the evict task with compensationTime 5ms
2026-06-15T19:29:52.037+05:30  INFO 23352 --- [discovery-server] [a-EvictionTimer] c.n.e.registry.AbstractInstanceRegistry  : Running the evict task with compensationTime 12ms
2026-06-15T19:30:52.051+05:30  INFO 23352 --- [discovery-server] [a-EvictionTimer] c.n.e.registry.AbstractInstanceRegistry  : Running the evict task with compensationTime 13ms
2026-06-15T19:31:50.152+05:30  INFO 23352 --- [discovery-server] [hresholdUpdater] c.n.e.r.PeerAwareInstanceRegistryImpl    : Current renewal threshold is : 15
2026-06-15T19:31:52.066+05:30  INFO 23352 --- [discovery-server] [a-EvictionTimer] c.n.e.registry.AbstractInstanceRegistry  : Running the evict task with compensationTime 14ms
2026-06-15T19:32:52.077+05:30  INFO 23352 --- [discovery-server] [a-EvictionTimer] c.n.e.registry.AbstractInstanceRegistry  : Running the evict task with compensationTime 10ms
2026-06-15T19:33:52.089+05:30  INFO 23352 --- [discovery-server] [a-EvictionTimer] c.n.e.registry.AbstractInstanceRegistry  : Running the evict task with compensationTime 13ms
2026-06-15T19:34:52.094+05:30  INFO 23352 --- [discovery-server] [a-EvictionTimer] c.n.e.registry.AbstractInstanceRegistry  : Running the evict task with compensationTime 4ms
2026-06-15T19:35:52.108+05:30  INFO 23352 --- [discovery-server] [a-EvictionTimer] c.n.e.registry.AbstractInstanceRegistry  : Running the evict task with compensationTime 13ms
2026-06-15T19:36:52.122+05:30  INFO 23352 --- [discovery-server] [a-EvictionTimer] c.n.e.registry.AbstractInstanceRegistry  : Running the evict task with compensationTime 13ms
2026-06-15T19:37:52.124+05:30  INFO 23352 --- [discovery-server] [a-EvictionTimer] c.n.e.registry.AbstractInstanceRegistry  : Running the evict task with compensationTime 2ms
2026-06-15T19:38:52.138+05:30  INFO 23352 --- [discovery-server] [a-EvictionTimer] c.n.e.registry.AbstractInstanceRegistry  : Running the evict task with compensationTime 13ms
2026-06-15T19:39:52.139+05:30  INFO 23352 --- [discovery-server] [a-EvictionTimer] c.n.e.registry.AbstractInstanceRegistry  : Running the evict task with compensationTime 1ms
2026-06-15T19:40:52.150+05:30  INFO 23352 --- [discovery-server] [a-EvictionTimer] c.n.e.registry.AbstractInstanceRegistry  : Running the evict task with compensationTime 10ms
2026-06-15T19:41:52.152+05:30  INFO 23352 --- [discovery-server] [a-EvictionTimer] c.n.e.registry.AbstractInstanceRegistry  : Running the evict task with compensationTime 2ms
2026-06-15T19:42:52.156+05:30  INFO 23352 --- [discovery-server] [a-EvictionTimer] c.n.e.registry.AbstractInstanceRegistry  : Running the evict task with compensationTime 3ms
2026-06-15T19:43:52.160+05:30  INFO 23352 --- [discovery-server] [a-EvictionTimer] c.n.e.registry.AbstractInstanceRegistry  : Running the evict task with compensationTime 4ms
2026-06-15T19:44:52.173+05:30  INFO 23352 --- [discovery-server] [a-EvictionTimer] c.n.e.registry.AbstractInstanceRegistry  : Running the evict task with compensationTime 12ms
2026-06-15T19:45:52.185+05:30  INFO 23352 --- [discovery-server] [a-EvictionTimer] c.n.e.registry.AbstractInstanceRegistry  : Running the evict task with compensationTime 12ms
2026-06-15T19:46:50.162+05:30  INFO 23352 --- [discovery-server] [hresholdUpdater] c.n.e.r.PeerAwareInstanceRegistryImpl    : Current renewal threshold is : 15
2026-06-15T19:46:52.200+05:30  INFO 23352 --- [discovery-server] [a-EvictionTimer] c.n.e.registry.AbstractInstanceRegistry  : Running the evict task with compensationTime 14ms
2026-06-15T19:47:52.205+05:30  INFO 23352 --- [discovery-server] [a-EvictionTimer] c.n.e.registry.AbstractInstanceRegistry  : Running the evict task with compensationTime 5ms
2026-06-15T19:48:52.207+05:30  INFO 23352 --- [discovery-server] [a-EvictionTimer] c.n.e.registry.AbstractInstanceRegistry  : Running the evict task with compensationTime 2ms
2026-06-15T19:49:52.211+05:30  INFO 23352 --- [discovery-server] [a-EvictionTimer] c.n.e.registry.AbstractInstanceRegistry  : Running the evict task with compensationTime 3ms
2026-06-15T19:50:52.212+05:30  INFO 23352 --- [discovery-server] [a-EvictionTimer] c.n.e.registry.AbstractInstanceRegistry  : Running the evict task with compensationTime 1ms
2026-06-15T19:51:52.225+05:30  INFO 23352 --- [discovery-server] [a-EvictionTimer] c.n.e.registry.AbstractInstanceRegistry  : Running the evict task with compensationTime 12ms
2026-06-15T19:52:52.229+05:30  INFO 23352 --- [discovery-server] [a-EvictionTimer] c.n.e.registry.AbstractInstanceRegistry  : Running the evict task with compensationTime 3ms
2026-06-15T19:53:52.240+05:30  INFO 23352 --- [discovery-server] [a-EvictionTimer] c.n.e.registry.AbstractInstanceRegistry  : Running the evict task with compensationTime 11ms
2026-06-15T19:54:52.254+05:30  INFO 23352 --- [discovery-server] [a-EvictionTimer] c.n.e.registry.AbstractInstanceRegistry  : Running the evict task with compensationTime 13ms
2026-06-15T19:55:52.265+05:30  INFO 23352 --- [discovery-server] [a-EvictionTimer] c.n.e.registry.AbstractInstanceRegistry  : Running the evict task with compensationTime 11ms
2026-06-15T19:56:52.266+05:30  INFO 23352 --- [discovery-server] [a-EvictionTimer] c.n.e.registry.AbstractInstanceRegistry  : Running the evict task with compensationTime 1ms
2026-06-15T19:57:52.271+05:30  INFO 23352 --- [discovery-server] [a-EvictionTimer] c.n.e.registry.AbstractInstanceRegistry  : Running the evict task with compensationTime 4ms
2026-06-15T19:58:52.273+05:30  INFO 23352 --- [discovery-server] [a-EvictionTimer] c.n.e.registry.AbstractInstanceRegistry  : Running the evict task with compensationTime 1ms
2026-06-15T19:59:52.276+05:30  INFO 23352 --- [discovery-server] [a-EvictionTimer] c.n.e.registry.AbstractInstanceRegistry  : Running the evict task with compensationTime 2ms
2026-06-15T20:00:52.289+05:30  INFO 23352 --- [discovery-server] [a-EvictionTimer] c.n.e.registry.AbstractInstanceRegistry  : Running the evict task with compensationTime 13ms
2026-06-15T20:01:50.174+05:30  INFO 23352 --- [discovery-server] [hresholdUpdater] c.n.e.r.PeerAwareInstanceRegistryImpl    : Current renewal threshold is : 15
2026-06-15T20:01:52.299+05:30  INFO 23352 --- [discovery-server] [a-EvictionTimer] c.n.e.registry.AbstractInstanceRegistry  : Running the evict task with compensationTime 9ms
2026-06-15T20:02:52.306+05:30  INFO 23352 --- [discovery-server] [a-EvictionTimer] c.n.e.registry.AbstractInstanceRegistry  : Running the evict task with compensationTime 7ms
2026-06-15T20:03:52.318+05:30  INFO 23352 --- [discovery-server] [a-EvictionTimer] c.n.e.registry.AbstractInstanceRegistry  : Running the evict task with compensationTime 12ms
2026-06-15T20:04:52.330+05:30  INFO 23352 --- [discovery-server] [a-EvictionTimer] c.n.e.registry.AbstractInstanceRegistry  : Running the evict task with compensationTime 11ms
2026-06-15T20:05:52.337+05:30  INFO 23352 --- [discovery-server] [a-EvictionTimer] c.n.e.registry.AbstractInstanceRegistry  : Running the evict task with compensationTime 7ms
2026-06-15T20:06:52.344+05:30  INFO 23352 --- [discovery-server] [a-EvictionTimer] c.n.e.registry.AbstractInstanceRegistry  : Running the evict task with compensationTime 6ms
2026-06-15T20:07:52.354+05:30  INFO 23352 --- [discovery-server] [a-EvictionTimer] c.n.e.registry.AbstractInstanceRegistry  : Running the evict task with compensationTime 10ms
2026-06-15T20:15:46.692+05:30  INFO 23352 --- [discovery-server] [a-EvictionTimer] c.n.e.registry.AbstractInstanceRegistry  : Running the evict task with compensationTime 414413ms
2026-06-15T20:16:46.693+05:30  INFO 23352 --- [discovery-server] [a-EvictionTimer] c.n.e.registry.AbstractInstanceRegistry  : Running the evict task with compensationTime 0ms
2026-06-15T20:17:46.707+05:30  INFO 23352 --- [discovery-server] [a-EvictionTimer] c.n.e.registry.AbstractInstanceRegistry  : Running the evict task with compensationTime 14ms
2026-06-15T20:18:46.714+05:30  INFO 23352 --- [discovery-server] [a-EvictionTimer] c.n.e.registry.AbstractInstanceRegistry  : Running the evict task with compensationTime 6ms
2026-06-15T20:19:46.724+05:30  INFO 23352 --- [discovery-server] [a-EvictionTimer] c.n.e.registry.AbstractInstanceRegistry  : Running the evict task with compensationTime 10ms
2026-06-15T20:20:46.726+05:30  INFO 23352 --- [discovery-server] [a-EvictionTimer] c.n.e.registry.AbstractInstanceRegistry  : Running the evict task with compensationTime 1ms
2026-06-15T20:21:46.731+05:30  INFO 23352 --- [discovery-server] [a-EvictionTimer] c.n.e.registry.AbstractInstanceRegistry  : Running the evict task with compensationTime 5ms
2026-06-15T20:22:46.739+05:30  INFO 23352 --- [discovery-server] [a-EvictionTimer] c.n.e.registry.AbstractInstanceRegistry  : Running the evict task with compensationTime 7ms
2026-06-15T20:23:44.518+05:30  INFO 23352 --- [discovery-server] [hresholdUpdater] c.n.e.r.PeerAwareInstanceRegistryImpl    : Current renewal threshold is : 15
2026-06-15T20:23:46.742+05:30  INFO 23352 --- [discovery-server] [a-EvictionTimer] c.n.e.registry.AbstractInstanceRegistry  : Running the evict task with compensationTime 3ms
2026-06-15T20:24:46.751+05:30  INFO 23352 --- [discovery-server] [a-EvictionTimer] c.n.e.registry.AbstractInstanceRegistry  : Running the evict task with compensationTime 8ms
2026-06-15T20:25:46.760+05:30  INFO 23352 --- [discovery-server] [a-EvictionTimer] c.n.e.registry.AbstractInstanceRegistry  : Running the evict task with compensationTime 9ms
2026-06-15T20:26:46.766+05:30  INFO 23352 --- [discovery-server] [a-EvictionTimer] c.n.e.registry.AbstractInstanceRegistry  : Running the evict task with compensationTime 6ms
2026-06-15T20:27:46.766+05:30  INFO 23352 --- [discovery-server] [a-EvictionTimer] c.n.e.registry.AbstractInstanceRegistry  : Running the evict task with compensationTime 0ms
2026-06-15T20:28:46.774+05:30  INFO 23352 --- [discovery-server] [a-EvictionTimer] c.n.e.registry.AbstractInstanceRegistry  : Running the evict task with compensationTime 7ms
2026-06-15T20:29:46.790+05:30  INFO 23352 --- [discovery-server] [a-EvictionTimer] c.n.e.registry.AbstractInstanceRegistry  : Running the evict task with compensationTime 15ms
2026-06-15T20:30:46.804+05:30  INFO 23352 --- [discovery-server] [a-EvictionTimer] c.n.e.registry.AbstractInstanceRegistry  : Running the evict task with compensationTime 14ms
2026-06-15T20:31:46.815+05:30  INFO 23352 --- [discovery-server] [a-EvictionTimer] c.n.e.registry.AbstractInstanceRegistry  : Running the evict task with compensationTime 10ms
2026-06-15T20:32:46.826+05:30  INFO 23352 --- [discovery-server] [a-EvictionTimer] c.n.e.registry.AbstractInstanceRegistry  : Running the evict task with compensationTime 11ms
2026-06-15T20:33:46.833+05:30  INFO 23352 --- [discovery-server] [a-EvictionTimer] c.n.e.registry.AbstractInstanceRegistry  : Running the evict task with compensationTime 7ms
2026-06-15T20:34:46.843+05:30  INFO 23352 --- [discovery-server] [a-EvictionTimer] c.n.e.registry.AbstractInstanceRegistry  : Running the evict task with compensationTime 9ms
2026-06-15T20:35:46.852+05:30  INFO 23352 --- [discovery-server] [a-EvictionTimer] c.n.e.registry.AbstractInstanceRegistry  : Running the evict task with compensationTime 9ms
2026-06-15T20:37:43.190+05:30  INFO 23352 --- [discovery-server] [a-EvictionTimer] c.n.e.registry.AbstractInstanceRegistry  : Running the evict task with compensationTime 56413ms
2026-06-15T20:38:43.198+05:30  INFO 23352 --- [discovery-server] [a-EvictionTimer] c.n.e.registry.AbstractInstanceRegistry  : Running the evict task with compensationTime 7ms
2026-06-15T20:39:40.846+05:30  INFO 23352 --- [discovery-server] [hresholdUpdater] c.n.e.r.PeerAwareInstanceRegistryImpl    : Current renewal threshold is : 15
2026-06-15T20:39:43.205+05:30  INFO 23352 --- [discovery-server] [a-EvictionTimer] c.n.e.registry.AbstractInstanceRegistry  : Running the evict task with compensationTime 6ms
2026-06-15T20:40:43.205+05:30  INFO 23352 --- [discovery-server] [a-EvictionTimer] c.n.e.registry.AbstractInstanceRegistry  : Running the evict task with compensationTime 0ms
2026-06-15T20:41:43.210+05:30  INFO 23352 --- [discovery-server] [a-EvictionTimer] c.n.e.registry.AbstractInstanceRegistry  : Running the evict task with compensationTime 4ms
2026-06-15T20:42:43.213+05:30  INFO 23352 --- [discovery-server] [a-EvictionTimer] c.n.e.registry.AbstractInstanceRegistry  : Running the evict task with compensationTime 3ms
2026-06-15T20:43:43.225+05:30  INFO 23352 --- [discovery-server] [a-EvictionTimer] c.n.e.registry.AbstractInstanceRegistry  : Running the evict task with compensationTime 12ms
2026-06-15T20:44:43.233+05:30  INFO 23352 --- [discovery-server] [a-EvictionTimer] c.n.e.registry.AbstractInstanceRegistry  : Running the evict task with compensationTime 8ms
2026-06-15T20:45:43.238+05:30  INFO 23352 --- [discovery-server] [a-EvictionTimer] c.n.e.registry.AbstractInstanceRegistry  : Running the evict task with compensationTime 5ms
2026-06-15T20:46:43.253+05:30  INFO 23352 --- [discovery-server] [a-EvictionTimer] c.n.e.registry.AbstractInstanceRegistry  : Running the evict task with compensationTime 14ms
2026-06-15T20:47:43.261+05:30  INFO 23352 --- [discovery-server] [a-EvictionTimer] c.n.e.registry.AbstractInstanceRegistry  : Running the evict task with compensationTime 8ms
2026-06-15T20:48:43.276+05:30  INFO 23352 --- [discovery-server] [a-EvictionTimer] c.n.e.registry.AbstractInstanceRegistry  : Running the evict task with compensationTime 14ms
2026-06-15T20:49:43.282+05:30  INFO 23352 --- [discovery-server] [a-EvictionTimer] c.n.e.registry.AbstractInstanceRegistry  : Running the evict task with compensationTime 6ms
2026-06-15T20:50:43.290+05:30  INFO 23352 --- [discovery-server] [a-EvictionTimer] c.n.e.registry.AbstractInstanceRegistry  : Running the evict task with compensationTime 8ms
2026-06-15T20:51:43.304+05:30  INFO 23352 --- [discovery-server] [a-EvictionTimer] c.n.e.registry.AbstractInstanceRegistry  : Running the evict task with compensationTime 13ms
2026-06-15T20:52:43.312+05:30  INFO 23352 --- [discovery-server] [a-EvictionTimer] c.n.e.registry.AbstractInstanceRegistry  : Running the evict task with compensationTime 8ms
2026-06-15T20:57:13.054+05:30  INFO 23352 --- [discovery-server] [a-EvictionTimer] c.n.e.registry.AbstractInstanceRegistry  : Running the evict task with compensationTime 209817ms
2026-06-15T20:58:10.598+05:30  INFO 23352 --- [discovery-server] [hresholdUpdater] c.n.e.r.PeerAwareInstanceRegistryImpl    : Current renewal threshold is : 15
2026-06-15T20:58:13.063+05:30  INFO 23352 --- [discovery-server] [a-EvictionTimer] c.n.e.registry.AbstractInstanceRegistry  : Running the evict task with compensationTime 9ms
2026-06-15T20:59:13.076+05:30  INFO 23352 --- [discovery-server] [a-EvictionTimer] c.n.e.registry.AbstractInstanceRegistry  : Running the evict task with compensationTime 12ms
2026-06-15T21:00:13.081+05:30  INFO 23352 --- [discovery-server] [a-EvictionTimer] c.n.e.registry.AbstractInstanceRegistry  : Running the evict task with compensationTime 5ms
2026-06-15T21:01:13.094+05:30  INFO 23352 --- [discovery-server] [a-EvictionTimer] c.n.e.registry.AbstractInstanceRegistry  : Running the evict task with compensationTime 12ms
2026-06-15T21:02:13.096+05:30  INFO 23352 --- [discovery-server] [a-EvictionTimer] c.n.e.registry.AbstractInstanceRegistry  : Running the evict task with compensationTime 2ms
2026-06-15T21:03:13.099+05:30  INFO 23352 --- [discovery-server] [a-EvictionTimer] c.n.e.registry.AbstractInstanceRegistry  : Running the evict task with compensationTime 3ms
2026-06-15T21:04:13.109+05:30  INFO 23352 --- [discovery-server] [a-EvictionTimer] c.n.e.registry.AbstractInstanceRegistry  : Running the evict task with compensationTime 9ms
2026-06-15T21:05:13.114+05:30  INFO 23352 --- [discovery-server] [a-EvictionTimer] c.n.e.registry.AbstractInstanceRegistry  : Running the evict task with compensationTime 5ms
2026-06-15T21:06:13.128+05:30  INFO 23352 --- [discovery-server] [a-EvictionTimer] c.n.e.registry.AbstractInstanceRegistry  : Running the evict task with compensationTime 14ms
2026-06-15T21:07:13.135+05:30  INFO 23352 --- [discovery-server] [a-EvictionTimer] c.n.e.registry.AbstractInstanceRegistry  : Running the evict task with compensationTime 6ms
2026-06-15T21:08:13.144+05:30  INFO 23352 --- [discovery-server] [a-EvictionTimer] c.n.e.registry.AbstractInstanceRegistry  : Running the evict task with compensationTime 9ms
2026-06-15T21:09:13.149+05:30  INFO 23352 --- [discovery-server] [a-EvictionTimer] c.n.e.registry.AbstractInstanceRegistry  : Running the evict task with compensationTime 4ms
2026-06-15T21:10:13.150+05:30  INFO 23352 --- [discovery-server] [a-EvictionTimer] c.n.e.registry.AbstractInstanceRegistry  : Running the evict task with compensationTime 1ms
2026-06-15T21:11:13.156+05:30  INFO 23352 --- [discovery-server] [a-EvictionTimer] c.n.e.registry.AbstractInstanceRegistry  : Running the evict task with compensationTime 5ms
2026-06-15T21:12:13.164+05:30  INFO 23352 --- [discovery-server] [a-EvictionTimer] c.n.e.registry.AbstractInstanceRegistry  : Running the evict task with compensationTime 8ms
2026-06-15T21:13:10.594+05:30  INFO 23352 --- [discovery-server] [hresholdUpdater] c.n.e.r.PeerAwareInstanceRegistryImpl    : Current renewal threshold is : 15
2026-06-15T21:13:13.176+05:30  INFO 23352 --- [discovery-server] [a-EvictionTimer] c.n.e.registry.AbstractInstanceRegistry  : Running the evict task with compensationTime 11ms
2026-06-15T21:14:13.187+05:30  INFO 23352 --- [discovery-server] [a-EvictionTimer] c.n.e.registry.AbstractInstanceRegistry  : Running the evict task with compensationTime 11ms
2026-06-15T21:15:13.188+05:30  INFO 23352 --- [discovery-server] [a-EvictionTimer] c.n.e.registry.AbstractInstanceRegistry  : Running the evict task with compensationTime 0ms
2026-06-15T21:16:13.192+05:30  INFO 23352 --- [discovery-server] [a-EvictionTimer] c.n.e.registry.AbstractInstanceRegistry  : Running the evict task with compensationTime 4ms
2026-06-15T21:17:13.195+05:30  INFO 23352 --- [discovery-server] [a-EvictionTimer] c.n.e.registry.AbstractInstanceRegistry  : Running the evict task with compensationTime 2ms
2026-06-15T21:18:13.204+05:30  INFO 23352 --- [discovery-server] [a-EvictionTimer] c.n.e.registry.AbstractInstanceRegistry  : Running the evict task with compensationTime 9ms
2026-06-15T21:19:13.218+05:30  INFO 23352 --- [discovery-server] [a-EvictionTimer] c.n.e.registry.AbstractInstanceRegistry  : Running the evict task with compensationTime 13ms
2026-06-15T21:20:13.233+05:30  INFO 23352 --- [discovery-server] [a-EvictionTimer] c.n.e.registry.AbstractInstanceRegistry  : Running the evict task with compensationTime 14ms
2026-06-15T21:21:13.247+05:30  INFO 23352 --- [discovery-server] [a-EvictionTimer] c.n.e.registry.AbstractInstanceRegistry  : Running the evict task with compensationTime 14ms
2026-06-15T21:22:13.260+05:30  INFO 23352 --- [discovery-server] [a-EvictionTimer] c.n.e.registry.AbstractInstanceRegistry  : Running the evict task with compensationTime 12ms
2026-06-15T21:23:13.265+05:30  INFO 23352 --- [discovery-server] [a-EvictionTimer] c.n.e.registry.AbstractInstanceRegistry  : Running the evict task with compensationTime 5ms
2026-06-15T21:24:13.272+05:30  INFO 23352 --- [discovery-server] [a-EvictionTimer] c.n.e.registry.AbstractInstanceRegistry  : Running the evict task with compensationTime 6ms
2026-06-15T21:25:13.284+05:30  INFO 23352 --- [discovery-server] [a-EvictionTimer] c.n.e.registry.AbstractInstanceRegistry  : Running the evict task with compensationTime 12ms
2026-06-15T21:26:13.293+05:30  INFO 23352 --- [discovery-server] [a-EvictionTimer] c.n.e.registry.AbstractInstanceRegistry  : Running the evict task with compensationTime 8ms
2026-06-15T21:27:13.295+05:30  INFO 23352 --- [discovery-server] [a-EvictionTimer] c.n.e.registry.AbstractInstanceRegistry  : Running the evict task with compensationTime 1ms
2026-06-15T21:28:10.604+05:30  INFO 23352 --- [discovery-server] [hresholdUpdater] c.n.e.r.PeerAwareInstanceRegistryImpl    : Current renewal threshold is : 15
2026-06-15T21:28:13.297+05:30  INFO 23352 --- [discovery-server] [a-EvictionTimer] c.n.e.registry.AbstractInstanceRegistry  : Running the evict task with compensationTime 2ms
2026-06-15T21:29:13.302+05:30  INFO 23352 --- [discovery-server] [a-EvictionTimer] c.n.e.registry.AbstractInstanceRegistry  : Running the evict task with compensationTime 4ms
2026-06-15T21:30:13.310+05:30  INFO 23352 --- [discovery-server] [a-EvictionTimer] c.n.e.registry.AbstractInstanceRegistry  : Running the evict task with compensationTime 7ms
2026-06-15T21:31:13.313+05:30  INFO 23352 --- [discovery-server] [a-EvictionTimer] c.n.e.registry.AbstractInstanceRegistry  : Running the evict task with compensationTime 3ms
2026-06-15T21:32:13.324+05:30  INFO 23352 --- [discovery-server] [a-EvictionTimer] c.n.e.registry.AbstractInstanceRegistry  : Running the evict task with compensationTime 10ms
2026-06-15T21:33:13.331+05:30  INFO 23352 --- [discovery-server] [a-EvictionTimer] c.n.e.registry.AbstractInstanceRegistry  : Running the evict task with compensationTime 7ms
2026-06-15T21:34:13.337+05:30  INFO 23352 --- [discovery-server] [a-EvictionTimer] c.n.e.registry.AbstractInstanceRegistry  : Running the evict task with compensationTime 5ms
2026-06-15T21:35:13.338+05:30  INFO 23352 --- [discovery-server] [a-EvictionTimer] c.n.e.registry.AbstractInstanceRegistry  : Running the evict task with compensationTime 1ms
2026-06-15T21:36:13.339+05:30  INFO 23352 --- [discovery-server] [a-EvictionTimer] c.n.e.registry.AbstractInstanceRegistry  : Running the evict task with compensationTime 0ms
2026-06-15T21:37:13.339+05:30  INFO 23352 --- [discovery-server] [a-EvictionTimer] c.n.e.registry.AbstractInstanceRegistry  : Running the evict task with compensationTime 0ms
2026-06-15T21:38:13.339+05:30  INFO 23352 --- [discovery-server] [a-EvictionTimer] c.n.e.registry.AbstractInstanceRegistry  : Running the evict task with compensationTime 0ms
2026-06-15T21:39:13.340+05:30  INFO 23352 --- [discovery-server] [a-EvictionTimer] c.n.e.registry.AbstractInstanceRegistry  : Running the evict task with compensationTime 0ms
2026-06-15T21:40:13.350+05:30  INFO 23352 --- [discovery-server] [a-EvictionTimer] c.n.e.registry.AbstractInstanceRegistry  : Running the evict task with compensationTime 10ms
2026-06-15T21:41:13.366+05:30  INFO 23352 --- [discovery-server] [a-EvictionTimer] c.n.e.registry.AbstractInstanceRegistry  : Running the evict task with compensationTime 15ms
2026-06-15T21:42:13.368+05:30  INFO 23352 --- [discovery-server] [a-EvictionTimer] c.n.e.registry.AbstractInstanceRegistry  : Running the evict task with compensationTime 2ms
2026-06-15T21:43:10.610+05:30  INFO 23352 --- [discovery-server] [hresholdUpdater] c.n.e.r.PeerAwareInstanceRegistryImpl    : Current renewal threshold is : 15
2026-06-15T21:43:13.370+05:30  INFO 23352 --- [discovery-server] [a-EvictionTimer] c.n.e.registry.AbstractInstanceRegistry  : Running the evict task with compensationTime 2ms
2026-06-15T21:44:13.384+05:30  INFO 23352 --- [discovery-server] [a-EvictionTimer] c.n.e.registry.AbstractInstanceRegistry  : Running the evict task with compensationTime 14ms
2026-06-15T21:45:13.385+05:30  INFO 23352 --- [discovery-server] [a-EvictionTimer] c.n.e.registry.AbstractInstanceRegistry  : Running the evict task with compensationTime 0ms
2026-06-15T21:46:13.385+05:30  INFO 23352 --- [discovery-server] [a-EvictionTimer] c.n.e.registry.AbstractInstanceRegistry  : Running the evict task with compensationTime 0ms
2026-06-15T21:47:13.387+05:30  INFO 23352 --- [discovery-server] [a-EvictionTimer] c.n.e.registry.AbstractInstanceRegistry  : Running the evict task with compensationTime 2ms
2026-06-15T21:48:13.401+05:30  INFO 23352 --- [discovery-server] [a-EvictionTimer] c.n.e.registry.AbstractInstanceRegistry  : Running the evict task with compensationTime 14ms
2026-06-15T21:49:13.403+05:30  INFO 23352 --- [discovery-server] [a-EvictionTimer] c.n.e.registry.AbstractInstanceRegistry  : Running the evict task with compensationTime 1ms
2026-06-15T21:50:13.411+05:30  INFO 23352 --- [discovery-server] [a-EvictionTimer] c.n.e.registry.AbstractInstanceRegistry  : Running the evict task with compensationTime 8ms
2026-06-15T21:51:15.259+05:30  INFO 23352 --- [discovery-server] [a-EvictionTimer] c.n.e.registry.AbstractInstanceRegistry  : Running the evict task with compensationTime 14ms
2026-06-15T21:52:15.271+05:30  INFO 23352 --- [discovery-server] [a-EvictionTimer] c.n.e.registry.AbstractInstanceRegistry  : Running the evict task with compensationTime 11ms
2026-06-15T21:53:15.285+05:30  INFO 23352 --- [discovery-server] [a-EvictionTimer] c.n.e.registry.AbstractInstanceRegistry  : Running the evict task with compensationTime 13ms
2026-06-15T21:54:15.292+05:30  INFO 23352 --- [discovery-server] [a-EvictionTimer] c.n.e.registry.AbstractInstanceRegistry  : Running the evict task with compensationTime 7ms
2026-06-15T21:55:15.300+05:30  INFO 23352 --- [discovery-server] [a-EvictionTimer] c.n.e.registry.AbstractInstanceRegistry  : Running the evict task with compensationTime 7ms
2026-06-15T21:56:15.314+05:30  INFO 23352 --- [discovery-server] [a-EvictionTimer] c.n.e.registry.AbstractInstanceRegistry  : Running the evict task with compensationTime 14ms
2026-06-15T21:57:15.329+05:30  INFO 23352 --- [discovery-server] [a-EvictionTimer] c.n.e.registry.AbstractInstanceRegistry  : Running the evict task with compensationTime 14ms
2026-06-15T21:58:12.441+05:30  INFO 23352 --- [discovery-server] [hresholdUpdater] c.n.e.r.PeerAwareInstanceRegistryImpl    : Current renewal threshold is : 15
2026-06-15T21:58:15.338+05:30  INFO 23352 --- [discovery-server] [a-EvictionTimer] c.n.e.registry.AbstractInstanceRegistry  : Running the evict task with compensationTime 8ms
2026-06-15T21:59:15.343+05:30  INFO 23352 --- [discovery-server] [a-EvictionTimer] c.n.e.registry.AbstractInstanceRegistry  : Running the evict task with compensationTime 5ms
2026-06-15T22:00:15.350+05:30  INFO 23352 --- [discovery-server] [a-EvictionTimer] c.n.e.registry.AbstractInstanceRegistry  : Running the evict task with compensationTime 7ms
2026-06-15T22:01:15.354+05:30  INFO 23352 --- [discovery-server] [a-EvictionTimer] c.n.e.registry.AbstractInstanceRegistry  : Running the evict task with compensationTime 3ms
2026-06-15T22:02:15.356+05:30  INFO 23352 --- [discovery-server] [a-EvictionTimer] c.n.e.registry.AbstractInstanceRegistry  : Running the evict task with compensationTime 1ms
2026-06-15T22:03:15.360+05:30  INFO 23352 --- [discovery-server] [a-EvictionTimer] c.n.e.registry.AbstractInstanceRegistry  : Running the evict task with compensationTime 4ms
2026-06-15T22:04:15.372+05:30  INFO 23352 --- [discovery-server] [a-EvictionTimer] c.n.e.registry.AbstractInstanceRegistry  : Running the evict task with compensationTime 11ms
2026-06-15T22:05:15.374+05:30  INFO 23352 --- [discovery-server] [a-EvictionTimer] c.n.e.registry.AbstractInstanceRegistry  : Running the evict task with compensationTime 2ms
2026-06-15T22:06:15.389+05:30  INFO 23352 --- [discovery-server] [a-EvictionTimer] c.n.e.registry.AbstractInstanceRegistry  : Running the evict task with compensationTime 14ms
2026-06-15T22:07:15.389+05:30  INFO 23352 --- [discovery-server] [a-EvictionTimer] c.n.e.registry.AbstractInstanceRegistry  : Running the evict task with compensationTime 0ms
2026-06-15T22:08:15.399+05:30  INFO 23352 --- [discovery-server] [a-EvictionTimer] c.n.e.registry.AbstractInstanceRegistry  : Running the evict task with compensationTime 10ms
2026-06-15T22:09:15.409+05:30  INFO 23352 --- [discovery-server] [a-EvictionTimer] c.n.e.registry.AbstractInstanceRegistry  : Running the evict task with compensationTime 10ms
2026-06-15T22:10:15.415+05:30  INFO 23352 --- [discovery-server] [a-EvictionTimer] c.n.e.registry.AbstractInstanceRegistry  : Running the evict task with compensationTime 5ms
2026-06-15T22:11:15.420+05:30  INFO 23352 --- [discovery-server] [a-EvictionTimer] c.n.e.registry.AbstractInstanceRegistry  : Running the evict task with compensationTime 4ms
2026-06-15T22:12:15.422+05:30  INFO 23352 --- [discovery-server] [a-EvictionTimer] c.n.e.registry.AbstractInstanceRegistry  : Running the evict task with compensationTime 2ms
2026-06-15T22:13:12.461+05:30  INFO 23352 --- [discovery-server] [hresholdUpdater] c.n.e.r.PeerAwareInstanceRegistryImpl    : Current renewal threshold is : 15
2026-06-15T22:13:15.436+05:30  INFO 23352 --- [discovery-server] [a-EvictionTimer] c.n.e.registry.AbstractInstanceRegistry  : Running the evict task with compensationTime 13ms
2026-06-15T22:14:15.451+05:30  INFO 23352 --- [discovery-server] [a-EvictionTimer] c.n.e.registry.AbstractInstanceRegistry  : Running the evict task with compensationTime 15ms
2026-06-15T22:15:15.452+05:30  INFO 23352 --- [discovery-server] [a-EvictionTimer] c.n.e.registry.AbstractInstanceRegistry  : Running the evict task with compensationTime 0ms
2026-06-15T22:16:15.464+05:30  INFO 23352 --- [discovery-server] [a-EvictionTimer] c.n.e.registry.AbstractInstanceRegistry  : Running the evict task with compensationTime 12ms
2026-06-15T22:17:15.475+05:30  INFO 23352 --- [discovery-server] [a-EvictionTimer] c.n.e.registry.AbstractInstanceRegistry  : Running the evict task with compensationTime 11ms
2026-06-15T22:18:15.479+05:30  INFO 23352 --- [discovery-server] [a-EvictionTimer] c.n.e.registry.AbstractInstanceRegistry  : Running the evict task with compensationTime 3ms
2026-06-15T22:19:15.483+05:30  INFO 23352 --- [discovery-server] [a-EvictionTimer] c.n.e.registry.AbstractInstanceRegistry  : Running the evict task with compensationTime 3ms
2026-06-15T22:20:15.506+05:30  INFO 23352 --- [discovery-server] [a-EvictionTimer] c.n.e.registry.AbstractInstanceRegistry  : Running the evict task with compensationTime 14ms
2026-06-15T22:21:15.503+05:30  INFO 23352 --- [discovery-server] [a-EvictionTimer] c.n.e.registry.AbstractInstanceRegistry  : Running the evict task with compensationTime 5ms
2026-06-15T22:21:41.114+05:30  INFO 23352 --- [discovery-server] [nio-8761-exec-2] c.n.e.registry.AbstractInstanceRegistry  : Registered instance STOCK-DATA-SERVICE/DESKTOP-TAPHLMF:stock-data-service:8081 with status UP (replication=false)
2026-06-15T22:21:41.673+05:30  INFO 23352 --- [discovery-server] [io-8761-exec-14] c.n.e.registry.AbstractInstanceRegistry  : Registered instance STOCK-DATA-SERVICE/DESKTOP-TAPHLMF:stock-data-service:8081 with status UP (replication=true)
2026-06-15T22:22:15.515+05:30  INFO 23352 --- [discovery-server] [a-EvictionTimer] c.n.e.registry.AbstractInstanceRegistry  : Running the evict task with compensationTime 11ms
2026-06-15T22:23:15.514+05:30  INFO 23352 --- [discovery-server] [a-EvictionTimer] c.n.e.registry.AbstractInstanceRegistry  : Running the evict task with compensationTime 0ms
2026-06-15T22:24:15.516+05:30  INFO 23352 --- [discovery-server] [a-EvictionTimer] c.n.e.registry.AbstractInstanceRegistry  : Running the evict task with compensationTime 0ms
2026-06-15T22:25:15.519+05:30  INFO 23352 --- [discovery-server] [a-EvictionTimer] c.n.e.registry.AbstractInstanceRegistry  : Running the evict task with compensationTime 3ms
2026-06-15T22:26:15.527+05:30  INFO 23352 --- [discovery-server] [a-EvictionTimer] c.n.e.registry.AbstractInstanceRegistry  : Running the evict task with compensationTime 8ms
2026-06-15T22:27:15.533+05:30  INFO 23352 --- [discovery-server] [a-EvictionTimer] c.n.e.registry.AbstractInstanceRegistry  : Running the evict task with compensationTime 6ms
2026-06-15T22:28:12.482+05:30  INFO 23352 --- [discovery-server] [hresholdUpdater] c.n.e.r.PeerAwareInstanceRegistryImpl    : Current renewal threshold is : 17
2026-06-15T22:28:15.537+05:30  INFO 23352 --- [discovery-server] [a-EvictionTimer] c.n.e.registry.AbstractInstanceRegistry  : Running the evict task with compensationTime 3ms
2026-06-15T22:29:15.547+05:30  INFO 23352 --- [discovery-server] [a-EvictionTimer] c.n.e.registry.AbstractInstanceRegistry  : Running the evict task with compensationTime 9ms
2026-06-15T22:30:15.549+05:30  INFO 23352 --- [discovery-server] [a-EvictionTimer] c.n.e.registry.AbstractInstanceRegistry  : Running the evict task with compensationTime 2ms
2026-06-15T22:31:15.560+05:30  INFO 23352 --- [discovery-server] [a-EvictionTimer] c.n.e.registry.AbstractInstanceRegistry  : Running the evict task with compensationTime 11ms
2026-06-15T22:32:08.209+05:30 ERROR 23352 --- [discovery-server] [get_localhost-7] c.n.e.cluster.ReplicationTaskProcessor   : It seems to be a socket read timeout exception, it will retry later. if it continues to happen and some eureka node occupied all the cpu time, you should set property 'eureka.server.peer-node-read-timeout-ms' to a bigger value

jakarta.ws.rs.ProcessingException: java.net.SocketTimeoutException: Read timed out
	at org.glassfish.jersey.apache.connector.ApacheConnector.apply(ApacheConnector.java:535) ~[jersey-apache-connector-3.0.5.jar:na]
	at org.glassfish.jersey.client.ClientRuntime.invoke(ClientRuntime.java:300) ~[jersey-client-4.0.2.jar:na]
	at org.glassfish.jersey.client.JerseyInvocation.lambda$invoke$0(JerseyInvocation.java:671) ~[jersey-client-4.0.2.jar:na]
	at org.glassfish.jersey.client.JerseyInvocation.call(JerseyInvocation.java:706) ~[jersey-client-4.0.2.jar:na]
	at org.glassfish.jersey.client.JerseyInvocation.lambda$runInScope$3(JerseyInvocation.java:700) ~[jersey-client-4.0.2.jar:na]
	at org.glassfish.jersey.internal.Errors.process(Errors.java:292) ~[jersey-common-4.0.2.jar:na]
	at org.glassfish.jersey.internal.Errors.process(Errors.java:274) ~[jersey-common-4.0.2.jar:na]
	at org.glassfish.jersey.internal.Errors.process(Errors.java:205) ~[jersey-common-4.0.2.jar:na]
	at org.glassfish.jersey.process.internal.RequestScope.runInScope(RequestScope.java:391) ~[jersey-common-4.0.2.jar:na]
	at org.glassfish.jersey.client.JerseyInvocation.runInScope(JerseyInvocation.java:700) ~[jersey-client-4.0.2.jar:na]
	at org.glassfish.jersey.client.JerseyInvocation.invoke(JerseyInvocation.java:670) ~[jersey-client-4.0.2.jar:na]
	at org.glassfish.jersey.client.JerseyInvocation$Builder.method(JerseyInvocation.java:436) ~[jersey-client-4.0.2.jar:na]
	at org.glassfish.jersey.client.JerseyInvocation$Builder.post(JerseyInvocation.java:342) ~[jersey-client-4.0.2.jar:na]
	at com.netflix.eureka.transport.Jersey3ReplicationClient.submitBatchUpdates(Jersey3ReplicationClient.java:116) ~[eureka-core-jersey3-2.0.5.jar:2.0.5]
	at com.netflix.eureka.cluster.ReplicationTaskProcessor.process(ReplicationTaskProcessor.java:80) ~[eureka-core-2.0.5.jar:2.0.5]
	at com.netflix.eureka.util.batcher.TaskExecutors$BatchWorkerRunnable.run(TaskExecutors.java:178) ~[eureka-core-2.0.5.jar:2.0.5]
	at java.base/java.lang.Thread.run(Thread.java:1474) ~[na:na]
Caused by: java.net.SocketTimeoutException: Read timed out
	at java.base/sun.nio.ch.NioSocketImpl.timedRead(NioSocketImpl.java:277) ~[na:na]
	at java.base/sun.nio.ch.NioSocketImpl.implRead(NioSocketImpl.java:302) ~[na:na]
	at java.base/sun.nio.ch.NioSocketImpl.read(NioSocketImpl.java:354) ~[na:na]
	at java.base/sun.nio.ch.NioSocketImpl$1.read(NioSocketImpl.java:798) ~[na:na]
	at java.base/java.net.Socket$SocketInputStream.implRead(Socket.java:974) ~[na:na]
	at java.base/java.net.Socket$SocketInputStream.read(Socket.java:964) ~[na:na]
	at org.apache.http.impl.io.SessionInputBufferImpl.streamRead(SessionInputBufferImpl.java:137) ~[httpcore-4.4.16.jar:4.4.16]
	at org.apache.http.impl.io.SessionInputBufferImpl.fillBuffer(SessionInputBufferImpl.java:153) ~[httpcore-4.4.16.jar:4.4.16]
	at org.apache.http.impl.io.SessionInputBufferImpl.readLine(SessionInputBufferImpl.java:280) ~[httpcore-4.4.16.jar:4.4.16]
	at org.apache.http.impl.conn.DefaultHttpResponseParser.parseHead(DefaultHttpResponseParser.java:138) ~[httpclient-4.5.3.jar:4.5.3]
	at org.apache.http.impl.conn.DefaultHttpResponseParser.parseHead(DefaultHttpResponseParser.java:56) ~[httpclient-4.5.3.jar:4.5.3]
	at org.apache.http.impl.io.AbstractMessageParser.parse(AbstractMessageParser.java:259) ~[httpcore-4.4.16.jar:4.4.16]
	at org.apache.http.impl.DefaultBHttpClientConnection.receiveResponseHeader(DefaultBHttpClientConnection.java:163) ~[httpcore-4.4.16.jar:4.4.16]
	at org.apache.http.impl.conn.CPoolProxy.receiveResponseHeader(CPoolProxy.java:165) ~[httpclient-4.5.3.jar:4.5.3]
	at org.apache.http.protocol.HttpRequestExecutor.doReceiveResponse(HttpRequestExecutor.java:273) ~[httpcore-4.4.16.jar:4.4.16]
	at org.apache.http.protocol.HttpRequestExecutor.execute(HttpRequestExecutor.java:125) ~[httpcore-4.4.16.jar:4.4.16]
	at org.apache.http.impl.execchain.MainClientExec.execute(MainClientExec.java:272) ~[httpclient-4.5.3.jar:4.5.3]
	at org.apache.http.impl.execchain.ProtocolExec.execute(ProtocolExec.java:185) ~[httpclient-4.5.3.jar:4.5.3]
	at org.apache.http.impl.execchain.RetryExec.execute(RetryExec.java:89) ~[httpclient-4.5.3.jar:4.5.3]
	at org.apache.http.impl.execchain.RedirectExec.execute(RedirectExec.java:111) ~[httpclient-4.5.3.jar:4.5.3]
	at org.apache.http.impl.client.InternalHttpClient.doExecute(InternalHttpClient.java:185) ~[httpclient-4.5.3.jar:4.5.3]
	at org.apache.http.impl.client.CloseableHttpClient.execute(CloseableHttpClient.java:72) ~[httpclient-4.5.3.jar:4.5.3]
	at org.glassfish.jersey.apache.connector.ApacheConnector.apply(ApacheConnector.java:487) ~[jersey-apache-connector-3.0.5.jar:na]
	... 16 common frames omitted

2026-06-15T22:32:15.561+05:30  INFO 23352 --- [discovery-server] [a-EvictionTimer] c.n.e.registry.AbstractInstanceRegistry  : Running the evict task with compensationTime 0ms
2026-06-15T22:32:18.923+05:30 ERROR 23352 --- [discovery-server] [et_localhost-14] c.n.e.cluster.ReplicationTaskProcessor   : It seems to be a socket read timeout exception, it will retry later. if it continues to happen and some eureka node occupied all the cpu time, you should set property 'eureka.server.peer-node-read-timeout-ms' to a bigger value

jakarta.ws.rs.ProcessingException: java.net.SocketTimeoutException: Read timed out
	at org.glassfish.jersey.apache.connector.ApacheConnector.apply(ApacheConnector.java:535) ~[jersey-apache-connector-3.0.5.jar:na]
	at org.glassfish.jersey.client.ClientRuntime.invoke(ClientRuntime.java:300) ~[jersey-client-4.0.2.jar:na]
	at org.glassfish.jersey.client.JerseyInvocation.lambda$invoke$0(JerseyInvocation.java:671) ~[jersey-client-4.0.2.jar:na]
	at org.glassfish.jersey.client.JerseyInvocation.call(JerseyInvocation.java:706) ~[jersey-client-4.0.2.jar:na]
	at org.glassfish.jersey.client.JerseyInvocation.lambda$runInScope$3(JerseyInvocation.java:700) ~[jersey-client-4.0.2.jar:na]
	at org.glassfish.jersey.internal.Errors.process(Errors.java:292) ~[jersey-common-4.0.2.jar:na]
	at org.glassfish.jersey.internal.Errors.process(Errors.java:274) ~[jersey-common-4.0.2.jar:na]
	at org.glassfish.jersey.internal.Errors.process(Errors.java:205) ~[jersey-common-4.0.2.jar:na]
	at org.glassfish.jersey.process.internal.RequestScope.runInScope(RequestScope.java:391) ~[jersey-common-4.0.2.jar:na]
	at org.glassfish.jersey.client.JerseyInvocation.runInScope(JerseyInvocation.java:700) ~[jersey-client-4.0.2.jar:na]
	at org.glassfish.jersey.client.JerseyInvocation.invoke(JerseyInvocation.java:670) ~[jersey-client-4.0.2.jar:na]
	at org.glassfish.jersey.client.JerseyInvocation$Builder.method(JerseyInvocation.java:436) ~[jersey-client-4.0.2.jar:na]
	at org.glassfish.jersey.client.JerseyInvocation$Builder.post(JerseyInvocation.java:342) ~[jersey-client-4.0.2.jar:na]
	at com.netflix.eureka.transport.Jersey3ReplicationClient.submitBatchUpdates(Jersey3ReplicationClient.java:116) ~[eureka-core-jersey3-2.0.5.jar:2.0.5]
	at com.netflix.eureka.cluster.ReplicationTaskProcessor.process(ReplicationTaskProcessor.java:80) ~[eureka-core-2.0.5.jar:2.0.5]
	at com.netflix.eureka.util.batcher.TaskExecutors$BatchWorkerRunnable.run(TaskExecutors.java:178) ~[eureka-core-2.0.5.jar:2.0.5]
	at java.base/java.lang.Thread.run(Thread.java:1474) ~[na:na]
Caused by: java.net.SocketTimeoutException: Read timed out
	at java.base/sun.nio.ch.NioSocketImpl.timedRead(NioSocketImpl.java:277) ~[na:na]
	at java.base/sun.nio.ch.NioSocketImpl.implRead(NioSocketImpl.java:302) ~[na:na]
	at java.base/sun.nio.ch.NioSocketImpl.read(NioSocketImpl.java:354) ~[na:na]
	at java.base/sun.nio.ch.NioSocketImpl$1.read(NioSocketImpl.java:798) ~[na:na]
	at java.base/java.net.Socket$SocketInputStream.implRead(Socket.java:974) ~[na:na]
	at java.base/java.net.Socket$SocketInputStream.read(Socket.java:964) ~[na:na]
	at org.apache.http.impl.io.SessionInputBufferImpl.streamRead(SessionInputBufferImpl.java:137) ~[httpcore-4.4.16.jar:4.4.16]
	at org.apache.http.impl.io.SessionInputBufferImpl.fillBuffer(SessionInputBufferImpl.java:153) ~[httpcore-4.4.16.jar:4.4.16]
	at org.apache.http.impl.io.SessionInputBufferImpl.readLine(SessionInputBufferImpl.java:280) ~[httpcore-4.4.16.jar:4.4.16]
	at org.apache.http.impl.conn.DefaultHttpResponseParser.parseHead(DefaultHttpResponseParser.java:138) ~[httpclient-4.5.3.jar:4.5.3]
	at org.apache.http.impl.conn.DefaultHttpResponseParser.parseHead(DefaultHttpResponseParser.java:56) ~[httpclient-4.5.3.jar:4.5.3]
	at org.apache.http.impl.io.AbstractMessageParser.parse(AbstractMessageParser.java:259) ~[httpcore-4.4.16.jar:4.4.16]
	at org.apache.http.impl.DefaultBHttpClientConnection.receiveResponseHeader(DefaultBHttpClientConnection.java:163) ~[httpcore-4.4.16.jar:4.4.16]
	at org.apache.http.impl.conn.CPoolProxy.receiveResponseHeader(CPoolProxy.java:165) ~[httpclient-4.5.3.jar:4.5.3]
	at org.apache.http.protocol.HttpRequestExecutor.doReceiveResponse(HttpRequestExecutor.java:273) ~[httpcore-4.4.16.jar:4.4.16]
	at org.apache.http.protocol.HttpRequestExecutor.execute(HttpRequestExecutor.java:125) ~[httpcore-4.4.16.jar:4.4.16]
	at org.apache.http.impl.execchain.MainClientExec.execute(MainClientExec.java:272) ~[httpclient-4.5.3.jar:4.5.3]
	at org.apache.http.impl.execchain.ProtocolExec.execute(ProtocolExec.java:185) ~[httpclient-4.5.3.jar:4.5.3]
	at org.apache.http.impl.execchain.RetryExec.execute(RetryExec.java:89) ~[httpclient-4.5.3.jar:4.5.3]
	at org.apache.http.impl.execchain.RedirectExec.execute(RedirectExec.java:111) ~[httpclient-4.5.3.jar:4.5.3]
	at org.apache.http.impl.client.InternalHttpClient.doExecute(InternalHttpClient.java:185) ~[httpclient-4.5.3.jar:4.5.3]
	at org.apache.http.impl.client.CloseableHttpClient.execute(CloseableHttpClient.java:72) ~[httpclient-4.5.3.jar:4.5.3]
	at org.glassfish.jersey.apache.connector.ApacheConnector.apply(ApacheConnector.java:487) ~[jersey-apache-connector-3.0.5.jar:na]
	... 16 common frames omitted

[INFO] ------------------------------------------------------------------------
[INFO] BUILD FAILURE
[INFO] ------------------------------------------------------------------------
[INFO] Total time:  07:21 h
[INFO] Finished at: 2026-06-15T22:32:22+05:30
[INFO] ------------------------------------------------------------------------
[ERROR] Failed to execute goal org.springframework.boot:spring-boot-maven-plugin:4.0.6:run (default-cli) on project discovery-server: Process terminated with exit code: -1 -> [Help 1]
[ERROR] 
[ERROR] To see the full stack trace of the errors, re-run Maven with the -e switch.
[ERROR] Re-run Maven using the -X switch to enable full debug logging.
[ERROR] 
[ERROR] For more information about the errors and possible solutions, please read the following articles:
[ERROR] [Help 1] http://cwiki.apache.org/confluence/display/MAVEN/MojoExecutionException
